projected_cluster_id,projected_cluster_name,clusterlevel,ncells_nuc,pct_of_all_nuc,pct_of_all_ref,likely_region,global_cor,Campbell_cor,Rossi_cor,Lee_Idol_cor,RomanovDev_cor,Moffit_cor,kimDev_cor,Mickelsen_cor,wenDropSeq_cor,wen10x_cor,n_degs_fasting
K4-1,HY1,K4,15763,49.94,57.73,,,,,,,,,,,,
K4-2,HY2,K4,15277,48.4,41.15,,,,,,,,,,,,
K4-3,Oxt,K4,515,1.63,1.08,,,,,,,,,,,,
K4-4,Gnrh1,K4,11,0.03,0.05,,,,,,,,,,,,
K14-1,Arx.HY1,K14,3184,10.09,17.08,,,,,,,,,,,,
K14-11,Satb2.HY1,K14,460,1.46,2.02,,,,,,,,,,,,
K14-3,Hmx2.HY1,K14,6159,19.51,14.92,,,,,,,,,,,,
K14-4,Six6.HY1,K14,1465,4.64,10.39,,,,,,,,,,,,
K14-6,Otp.HY1,K14,2108,6.68,6.92,,,,,,,,,,,,
K14-7,Tbx3.HY1,K14,2387,7.56,6.4,,,,,,,,,,,,
K14-10,HY10.HY2,K14,1276,4.04,4.07,,,,,,,,,,,,
K14-2,Fezf1.HY2,K14,7123,22.57,16.55,,,,,,,,,,,,
K14-5,Nrn1.HY2,K14,3584,11.35,9.36,,,,,,,,,,,,
K14-8,Foxb1.HY2,K14,3100,9.82,5.85,,,,,,,,,,,,
K14-9,Ppp1r1b.HY2,K14,194,0.61,5.3,,,,,,,,,,,,
K14-12,Oxt,K14,515,1.63,1.08,,,,,,,,,,,,
K14-13,Gnrh1,K14,11,0.03,0.05,,,,,,,,,,,,
K31-16,Lhx6.Arx.HY1,K31,226,0.72,2.5,,,,,,,,,,,,
K31-18,Lhx8.Arx.HY1,K31,180,0.57,2.23,,,,,,,,,,,,
K31-2,Gad2.Arx.HY1,K31,2316,7.34,10.27,,,,,,,,,,,,
K31-20,St18.Arx.HY1,K31,462,1.46,2.08,,,,,,,,,,,,
K31-14,HY14.HY10.HY2,K31,821,2.6,2.89,,,,,,,,,,,,
K31-27,Rfx4.HY10.HY2,K31,215,0.68,0.73,,,,,,,,,,,,
K31-28,Otx1.HY10.HY2,K31,240,0.76,0.45,,,,,,,,,,,,
K31-19,Satb2.HY1,K31,460,1.46,2.02,,,,,,,,,,,,
K31-24,Oxt,K31,515,1.63,1.08,,,,,,,,,,,,
K31-30,Gnrh1,K31,11,0.03,0.05,,,,,,,,,,,,
K31-13,Ifi27l2a.Fezf1.HY2,K31,1776,5.63,2.98,,,,,,,,,,,,
K31-3,Cd40.Fezf1.HY2,K31,4437,14.06,8.58,,,,,,,,,,,,
K31-7,Epha6.Fezf1.HY2,K31,910,2.88,4.98,,,,,,,,,,,,
K31-12,Six3.Hmx2.HY1,K31,1314,4.16,3.32,,,,,,,,,,,,
K31-17,Gsx1.Hmx2.HY1,K31,858,2.72,2.43,,,,,,,,,,,,
K31-21,Lef1.Hmx2.HY1,K31,1851,5.86,1.97,,,,,,,,,,,,
K31-25,Ppp1r17.Hmx2.HY1,K31,852,2.7,1.24,,,,,,,,,,,,
K31-4,Hmx3.Hmx2.HY1,K31,1284,4.07,5.96,,,,,,,,,,,,
K31-1,Six6.HY1,K31,1465,4.64,10.39,,,,,,,,,,,,
K31-29,Sst.Nrn1.HY2,K31,53,0.17,0.31,,,,,,,,,,,,
K31-8,Tbr1.Nrn1.HY2,K31,1807,5.72,4.41,,,,,,,,,,,,
K31-9,Sim1.Nrn1.HY2,K31,1724,5.46,4.63,,,,,,,,,,,,
K31-11,Npy.Otp.HY1,K31,1104,3.5,4.16,,,,,,,,,,,,
K31-15,Il1rapl2.Otp.HY1,K31,1004,3.18,2.76,,,,,,,,,,,,
K31-22,Tac2.Tbx3.HY1,K31,544,1.72,1.12,,,,,,,,,,,,278
K31-5,Tcf7l2.Tbx3.HY1,K31,1843,5.84,5.27,,,,,,,,,,,,
K31-26,Ebf3.Foxb1.HY2,K31,378,1.2,0.99,,,,,,,,,,,,258
K31-6,Pitx2.Foxb1.HY2,K31,2722,8.62,4.86,,,,,,,,,,,,
K31-10,Crym.Ppp1r1b.HY2,K31,162,0.51,4.23,,,,,,,,,,,,
K31-23,Meis2.Ppp1r1b.HY2,K31,32,0.1,1.06,,,,,,,,,,,,
K98-1,Prokr2.Six6.HY1,K98,316,1,3.36,,,,,,,,,,,,
K98-11,Cd24a.Six6.HY1,K98,237,0.75,1.63,,,,,,,,,,,,
K98-2,Nms.Six6.HY1,K98,485,1.54,3.27,,,,,,,,,,,,
K98-28,Vip.Six6.HY1,K98,72,0.23,1.15,,,,,,,,,,,,
K98-57,Arx.Six6.HY1,K98,355,1.12,0.99,,,,,,,,,,,,
K98-34,Adora2a.Crym.Ppp1r1b.HY2,K98,87,0.28,1.19,,,,,,,,,,,,
K98-7,Tac1.Crym.Ppp1r1b.HY2,K98,75,0.24,2.27,,,,,,,,,,,,
K98-4,Agrp.Npy.Otp.HY1,K98,705,2.23,3.07,,,,,,,,,,,,
K98-60,Sox6.Npy.Otp.HY1,K98,171,0.54,0.77,,,,,,,,,,,,
K98-85,Nts.Npy.Otp.HY1,K98,228,0.72,0.31,,,,,,,,,,,,12
K98-21,Nfib.Six3.Hmx2.HY1,K98,538,1.7,2.26,,,,,,,,,,,,
K98-46,Pthlh.Six3.Hmx2.HY1,K98,776,2.46,1.07,,,,,,,,,,,,
K98-16,Slc17a8.Ifi27l2a.Fezf1.HY2,K98,1017,3.22,1.56,,,,,,,,,,,,
K98-17,Foxp2.Ifi27l2a.Fezf1.HY2,K98,759,2.4,1.42,,,,,,,,,,,,
K98-27,Foxg1.HY14.HY10.HY2,K98,21,0.07,1.36,,,,,,,,,,,,
K98-50,Lef1.HY14.HY10.HY2,K98,556,1.76,0.91,,,,,,,,,,,,172
K98-81,Hk2.HY14.HY10.HY2,K98,164,0.52,0.35,,,,,,,,,,,,43
K98-87,Nrn1.HY14.HY10.HY2,K98,80,0.25,0.27,,,,,,,,,,,,3
K98-15,Sst.Il1rapl2.Otp.HY1,K98,357,1.13,1.54,,,,,,,,,,,,
K98-33,Bcl11b.Il1rapl2.Otp.HY1,K98,647,2.05,1.22,,,,,,,,,,,,
K98-14,Lhx8.Lhx6.Arx.HY1,K98,223,0.71,1.77,,,,,,,,,,,,
K98-78,Crh.Lhx6.Arx.HY1,K98,3,0.01,0.38,,,,,,,,,,,,
K98-22,Ghrh.Gsx1.Hmx2.HY1,K98,436,1.38,1.3,,,,,,,,,,,,256
K98-41,Nkx2-4.Gsx1.Hmx2.HY1,K98,422,1.34,1.12,,,,,,,,,,,,
K98-43,Crh.Lhx8.Arx.HY1,K98,49,0.16,1.1,,,,,,,,,,,,
K98-67,Serpinb1b.Lhx8.Arx.HY1,K98,114,0.36,0.64,,,,,,,,,,,,
K98-72,Prox1.Lhx8.Arx.HY1,K98,17,0.05,0.49,,,,,,,,,,,,
K98-19,Fam159b.Satb2.HY1,K98,304,0.96,1.4,,,,,,,,,,,,
K98-68,Nr5a2.Satb2.HY1,K98,156,0.49,0.62,,,,,,,,,,,,33
K98-23,Sp9.Gad2.Arx.HY1,K98,9,0.03,1.06,,,,,,,,,,,,
K98-24,Meis2.Gad2.Arx.HY1,K98,288,0.91,1.17,,,,,,,,,,,,
K98-25,Nfix.Gad2.Arx.HY1,K98,266,0.84,1.29,,,,,,,,,,,,
K98-29,Onecut2.Gad2.Arx.HY1,K98,511,1.62,1.42,,,,,,,,,,,,
K98-31,Calca.Gad2.Arx.HY1,K98,181,0.57,1.62,,,,,,,,,,,,
K98-42,Crhbp.Gad2.Arx.HY1,K98,411,1.3,1.07,,,,,,,,,,,,400
K98-54,Sncg.Gad2.Arx.HY1,K98,420,1.33,0.78,,,,,,,,,,,,330
K98-58,Cplx1.Gad2.Arx.HY1,K98,147,0.47,0.74,,,,,,,,,,,,
K98-75,Tac2.Gad2.Arx.HY1,K98,28,0.09,0.29,,,,,,,,,,,,
K98-83,Crh.Gad2.Arx.HY1,K98,4,0.01,0.29,,,,,,,,,,,,
K98-95,C1ql1.Gad2.Arx.HY1,K98,51,0.16,0.17,,,,,,,,,,,,
K98-45,Nfix.St18.Arx.HY1,K98,411,1.3,1,,,,,,,,,,,,
K98-61,Tmem215.St18.Arx.HY1,K98,32,0.1,0.75,,,,,,,,,,,,
K98-93,Meis2.St18.Arx.HY1,K98,19,0.06,0.33,,,,,,,,,,,,
K98-51,Sox14.Lef1.Hmx2.HY1,K98,620,1.96,0.77,,,,,,,,,,,,282
K98-69,Tmem114.Lef1.Hmx2.HY1,K98,661,2.09,0.76,,,,,,,,,,,,
K98-77,Prph.Lef1.Hmx2.HY1,K98,570,1.81,0.44,,,,,,,,,,,,482
K98-40,Tac2.Tbx3.HY1,K98,544,1.72,1.12,,,,,,,,,,,,278
K98-44,Meis2.Ppp1r1b.HY2,K98,32,0.1,1.06,,,,,,,,,,,,
K98-47,Oxt,K98,515,1.63,1.08,,,,,,,,,,,,
K98-35,Ppp1r17.Hmx2.HY1,K98,852,2.7,1.24,,,,,,,,,,,,
K98-48,Ebf3.Foxb1.HY2,K98,378,1.2,0.99,,,,,,,,,,,,258
K98-74,Lhx9.Rfx4.HY10.HY2,K98,168,0.53,0.47,,,,,,,,,,,,
K98-88,Hcrt.Rfx4.HY10.HY2,K98,47,0.15,0.26,,,,,,,,,,,,
K98-76,Otx1.HY10.HY2,K98,240,0.76,0.45,,,,,,,,,,,,
K98-86,Sst.Nrn1.HY2,K98,53,0.17,0.31,,,,,,,,,,,,
K98-3,Nr5a1.Cd40.Fezf1.HY2,K98,1852,5.87,3.12,,,,,,,,,,,,
K98-32,Gpr149.Cd40.Fezf1.HY2,K98,1626,5.15,1.35,,,,,,,,,,,,
K98-52,Gldn.Cd40.Fezf1.HY2,K98,152,0.48,0.89,,,,,,,,,,,,
K98-6,Adarb2.Cd40.Fezf1.HY2,K98,606,1.92,2.17,,,,,,,,,,,,
K98-71,Esr1.Cd40.Fezf1.HY2,K98,8,0.03,0.56,,,,,,,,,,,,
K98-73,Qrfpr.Cd40.Fezf1.HY2,K98,193,0.61,0.5,,,,,,,,,,,,33
K98-98,Gnrh1,K98,11,0.03,0.05,,,,,,,,,,,,
K98-26,Zic1.Hmx3.Hmx2.HY1,K98,109,0.35,1.38,,,,,,,,,,,,
K98-36,Prok2.Hmx3.Hmx2.HY1,K98,191,0.61,1.36,,,,,,,,,,,,
K98-55,Gsx1.Hmx3.Hmx2.HY1,K98,219,0.69,0.91,,,,,,,,,,,,
K98-62,Gm28928.Hmx3.Hmx2.HY1,K98,399,1.26,0.79,,,,,,,,,,,,
K98-64,Crh.Hmx3.Hmx2.HY1,K98,153,0.48,0.71,,,,,,,,,,,,
K98-66,Nts.Hmx3.Hmx2.HY1,K98,58,0.18,0.49,,,,,,,,,,,,
K98-84,Gpr50.Hmx3.Hmx2.HY1,K98,155,0.49,0.33,,,,,,,,,,,,
K98-12,Tmem215.Tcf7l2.Tbx3.HY1,K98,695,2.2,1.65,,,,,,,,,,,,
K98-59,Bace2.Tcf7l2.Tbx3.HY1,K98,337,1.07,0.77,,,,,,,,,,,,197
K98-8,Pomc.Tcf7l2.Tbx3.HY1,K98,424,1.34,1.93,,,,,,,,,,,,
K98-9,Crabp1.Tcf7l2.Tbx3.HY1,K98,387,1.23,0.93,,,,,,,,,,,,167
K98-10,Sall3.Pitx2.Foxb1.HY2,K98,2064,6.54,1.75,,,,,,,,,,,,
K98-13,Ctxn3.Pitx2.Foxb1.HY2,K98,361,1.14,1.74,,,,,,,,,,,,
K98-30,Sepp1.Pitx2.Foxb1.HY2,K98,163,0.52,1.29,,,,,,,,,,,,
K98-96,Myo1a.Pitx2.Foxb1.HY2,K98,134,0.42,0.08,,,,,,,,,,,,
K98-18,C1ql2.Epha6.Fezf1.HY2,K98,381,1.21,1.39,,,,,,,,,,,,
K98-5,Alk.Epha6.Fezf1.HY2,K98,394,1.25,2.71,,,,,,,,,,,,
K98-53,Il1rapl2.Epha6.Fezf1.HY2,K98,135,0.43,0.88,,,,,,,,,,,,
K98-39,Meis2.Tbr1.Nrn1.HY2,K98,77,0.24,1.19,,,,,,,,,,,,
K98-49,Pitx2.Tbr1.Nrn1.HY2,K98,1234,3.91,1.1,,,,,,,,,,,,
K98-65,Samd3.Tbr1.Nrn1.HY2,K98,7,0.02,0.59,,,,,,,,,,,,
K98-70,Pax6.Tbr1.Nrn1.HY2,K98,40,0.13,0.59,,,,,,,,,,,,
K98-80,Shox2.Tbr1.Nrn1.HY2,K98,97,0.31,0.36,,,,,,,,,,,,2
K98-82,Ebf3.Tbr1.Nrn1.HY2,K98,346,1.1,0.33,,,,,,,,,,,,325
K98-90,Sln.Tbr1.Nrn1.HY2,K98,6,0.02,0.25,,,,,,,,,,,,
K98-20,Pou3f3.Sim1.Nrn1.HY2,K98,612,1.94,1.43,,,,,,,,,,,,
K98-37,Trh.Sim1.Nrn1.HY2,K98,310,0.98,1.21,,,,,,,,,,,,327
K98-38,Ebf1.Sim1.Nrn1.HY2,K98,300,0.95,1.12,,,,,,,,,,,,
K98-63,Crhbp.Sim1.Nrn1.HY2,K98,494,1.56,0.77,,,,,,,,,,,,
K98-94,Ucn3.Sim1.Nrn1.HY2,K98,8,0.03,0.09,,,,,,,,,,,,
K169-113,C1ql3.Prokr2.Six6.HY1,K169,37,0.12,0.38,Suprachiasmatic nucleus,0.62315,0.614008261110278,,0.545061229328675,,0.610692315741728,,,0.597532318848516,0.675610613990235,
K169-5,Vipr2.Prokr2.Six6.HY1,K169,114,0.36,1.19,Suprachiasmatic nucleus,0.46951,0.469039416405317,,0.455632914262721,,0.55814614921631,,,0.45266741989569,0.479930804159486,2
K169-76,Igfbp4.Prokr2.Six6.HY1,K169,56,0.18,0.58,Suprachiasmatic nucleus,0.39704,0.36811654812053,,0.347081399783229,,0.448665776658876,,,0.370198992289846,0.394367590657034,
K169-9,Cck.Prokr2.Six6.HY1,K169,109,0.35,1.2,Suprachiasmatic nucleus,0.66755,0.627676030518419,,0.650383607030069,,0.713451877038664,,,0.640740197217948,0.687405020989483,
K169-7,Ttn.Sall3.Pitx2.Foxb1.HY2,K169,316,1,1.09,Posterior/Mamillary region,0.36992,,,0.205109762358726,,,,,,,35
K169-90,Cpne9.Sall3.Pitx2.Foxb1.HY2,K169,1748,5.54,0.67,Posterior/Mamillary region,0.3314,,,0.272833375661083,,,0.315942607675099,,,,630
K169-10,Vip.Cd24a.Six6.HY1,K169,199,0.63,1.13,Suprachiasmatic nucleus,0.19132,0.198004712459382,,0.130887843964894,,0.249819775896759,,,0.162831000467549,0.191007901821718,12
K169-81,Lhx1.Cd24a.Six6.HY1,K169,38,0.12,0.5,Suprachiasmatic nucleus,0.25731,0.248802787609915,,0.266997795489269,,0.286789158041317,,,0.217086321222142,0.228738875411677,
K169-32,Sytl4.Tmem215.Tcf7l2.Tbx3.HY1,K169,608,1.93,1.1,Arcuate hypothalamic nucleus,0.35905,0.226172918344621,,0.167222663908764,0.765714190845876,,,,0.241982654669806,,348
K169-82,Pomc.Tmem215.Tcf7l2.Tbx3.HY1,K169,87,0.28,0.55,Arcuate hypothalamic nucleus,0.38577,0.275541086175085,,0.199957401504511,,,,,,,10
K169-23,Nts.Ctxn3.Pitx2.Foxb1.HY2,K169,298,0.94,1.08,Posterior/Mamillary region,0.25939,,,0.192537498735236,,,,0.294939375696615,,,146
K169-65,Postn.Ctxn3.Pitx2.Foxb1.HY2,K169,63,0.2,0.66,Posterior/Mamillary region,0.31403,,,0.228415318740077,,,,,,,
K169-118,Gbx1.Lhx8.Lhx6.Arx.HY1,K169,122,0.39,0.44,Zona incerta,0.31019,,0.243118066893164,,,0.27744045864951,,0.310028235845552,,,
K169-59,Sfrp1.Lhx8.Lhx6.Arx.HY1,K169,19,0.06,0.71,Parastrial nucleus,,,,,,,,,,,
K169-63,Sema3c.Lhx8.Lhx6.Arx.HY1,K169,82,0.26,0.63,Preoptic region,0.43426,,0.328983345167143,,,0.473363716411964,,,,,
K169-24,Sstr1.Sst.Il1rapl2.Otp.HY1,K169,250,0.79,0.88,Arcuate hypothalamic nucleus,0.33156,0.179929135388942,,0.170974263917288,,,,,,,129
K169-72,Gpc3.Sst.Il1rapl2.Otp.HY1,K169,107,0.34,0.67,Arcuate hypothalamic nucleus,0.70663,0.163033710253085,0.242990140010203,,,,,0.240857781334869,0.212775545881556,,
K169-42,Nfia.Slc17a8.Ifi27l2a.Fezf1.HY2,K169,627,1.99,0.8,Ventromedial hypothalamic nucleus,0.59195,0.278067175911711,,,,,,,0.272900110541417,,317
K169-53,Prdm13.Slc17a8.Ifi27l2a.Fezf1.HY2,K169,390,1.24,0.77,Ventromedial hypothalamic nucleus,0.68754,0.340374024025134,,0.296547516347594,,0.331282210031625,,0.284961597450609,0.313545363087656,,133
K169-34,Prdm13.Foxp2.Ifi27l2a.Fezf1.HY2,K169,571,1.81,0.85,Ventromedial hypothalamic nucleus,0.78566,0.275446454147353,,0.315783114178124,,,,0.335199959309127,0.288561724296381,,274
K169-64,Lmo3.Foxp2.Ifi27l2a.Fezf1.HY2,K169,188,0.6,0.57,Ventromedial hypothalamic nucleus,0.79597,0.408429441042058,,,,,,,0.402462462833979,,117
K169-47,Kirrel3.C1ql2.Epha6.Fezf1.HY2,K169,261,0.83,0.8,Ventromedial hypothalamic nucleus,0.77218,0.201857690676501,,,,,,,,,95
K169-66,Bdnf.C1ql2.Epha6.Fezf1.HY2,K169,120,0.38,0.59,Ventromedial hypothalamic nucleus,0.80467,0.290818692361072,,,,,,,0.25622599557909,,
K169-45,Nfix.Fam159b.Satb2.HY1,K169,159,0.5,0.79,Ventromedial hypothalamic nucleus,0.53386,0.313127288419884,,0.303371609696583,,0.328105781226253,,,0.340179915506637,0.294164770304975,13
K169-69,Slc6a3.Fam159b.Satb2.HY1,K169,145,0.46,0.61,Ventromedial hypothalamic nucleus,0.48577,0.309608229352261,,0.25519548577097,,,,,0.343607417969632,,7
K169-36,Dkk2.Nms.Six6.HY1,K169,134,0.42,0.84,Suprachiasmatic nucleus,0.35692,0.375947162166227,,0.331873118815993,,0.342988304507993,,,0.350333121980212,0.328526157782791,2
K169-4,Grin2c.Nms.Six6.HY1,K169,139,0.44,1.84,Suprachiasmatic nucleus,0.45419,0.46251494034351,,0.434280887882311,,0.498569179761644,,,0.434732827853461,0.404181785738483,3
K169-96,Nfix.Nms.Six6.HY1,K169,212,0.67,0.6,Suprachiasmatic nucleus,0.37287,0.348569530741066,,0.24339787789113,0.790330084324334,0.381400297061628,,,0.328949200795895,0.414025775949065,63
K169-106,Crh.Pou3f3.Sim1.Nrn1.HY2,K169,215,0.68,0.45,Posterior/Mamillary region,0.47497,,0.372431246110473,,0.729477015619497,0.411712543028355,,0.456461743013693,,,281
K169-88,Ebf3.Pou3f3.Sim1.Nrn1.HY2,K169,283,0.9,0.52,Posterior/Mamillary region,0.41831,,0.339365780838038,,,,,0.378767839821914,,,156
K169-95,Gpr50.Pou3f3.Sim1.Nrn1.HY2,K169,114,0.36,0.47,NA,0.45565,,0.431379247332956,,,0.461240330026757,,0.419798471736071,0.468680220195896,,
K169-116,Gm20754.Nfib.Six3.Hmx2.HY1,K169,119,0.38,0.37,Arcuate hypothalamic nucleus,0.75919,0.32276156082059,0.261638324092277,,,,,0.441131312652268,0.288325891348775,,20
K169-17,Col6a1.Nfib.Six3.Hmx2.HY1,K169,296,0.94,1.06,Arcuate hypothalamic nucleus,0.7957,0.111687363758307,,0.159627961656332,,,,,,,115
K169-39,Crabp1.Nfib.Six3.Hmx2.HY1,K169,123,0.39,0.83,Arcuate hypothalamic nucleus,0.38934,0.214212052715332,,0.166979650114957,,,,,0.251614888958748,,
K169-6,Ghrh.Gsx1.Hmx2.HY1,K169,436,1.38,1.3,Arcuate hypothalamic nucleus,0.61495,0.317764909820522,,0.304752193643681,,,,,,,256
K169-148,Satb2.Sp9.Gad2.Arx.HY1,K169,1,0,0.24,Preoptic region,,,,,,,,,,,
K169-97,Fbxw13.Sp9.Gad2.Arx.HY1,K169,8,0.03,0.66,Preoptic region,,,,,,,,,,,
K169-71,Slc30a3.Meis2.Gad2.Arx.HY1,K169,216,0.68,0.64,Zona incerta,0.43365,,0.398211614108049,,,0.437878453595279,,0.42917659544597,0.453425755260059,,266
K169-84,Pvalb.Meis2.Gad2.Arx.HY1,K169,72,0.23,0.54,Zona incerta,0.44903,,0.378481759440728,,,0.410780240614114,,0.453596735838966,0.508426141221059,,
K169-126,Pmaip1.Nfix.Gad2.Arx.HY1,K169,29,0.09,0.32,Preoptic region,,,,,,,,,,,
K169-49,Nfib.Nfix.Gad2.Arx.HY1,K169,237,0.75,0.97,Preoptic region,0.22336,0.220091171788424,,0.282702481589925,,0.234856758856366,,,0.186034889745325,0.188183524143938,61
K169-14,Gal.Zic1.Hmx3.Hmx2.HY1,K169,108,0.34,1.11,Preoptic region,0.3341,0.380439572914947,0.244305961233699,0.262265413473034,,0.324780861661092,,,0.351684813080301,,
K169-140,Pmaip1.Zic1.Hmx3.Hmx2.HY1,K169,1,0,0.26,Paraventricular hypothalamic nucleus,,,,,,,,,,,
K169-108,Sox14.Foxg1.HY14.HY10.HY2,K169,4,0.01,0.42,Ventromedial hypothalamic nucleus,,,,,,,,,,,
K169-112,Lhx9.Foxg1.HY14.HY10.HY2,K169,9,0.03,0.39,Ventromedial hypothalamic nucleus,,,,,,,,,,,
K169-80,Eomes.Foxg1.HY14.HY10.HY2,K169,8,0.03,0.56,Preoptic region,,,,,,,,,,,
K169-13,Vip.Six6.HY1,K169,72,0.23,1.15,Suprachiasmatic nucleus,0.24444,0.218831255931008,,0.226534306526197,,0.26029716591057,,,0.236769323003422,0.225984430091134,
K169-33,Adarb2.Onecut2.Gad2.Arx.HY1,K169,456,1.44,0.9,NA,0.50041,0.160729863729014,0.116298412910209,,,0.174326011579109,,0.150265139677451,0.117795252459536,,235
K169-87,Six6.Onecut2.Gad2.Arx.HY1,K169,55,0.17,0.52,NA,0.58985,0.633972085307598,0.560523573795691,,,0.561832217151461,,,0.574792225064024,,
K169-104,C1ql2.Nr5a1.Cd40.Fezf1.HY2,K169,151,0.48,0.52,Ventromedial hypothalamic nucleus,0.85784,0.105854742030141,,,,,,,0.20742667269905,,76
K169-2,Gpr149.Nr5a1.Cd40.Fezf1.HY2,K169,1220,3.86,1.77,Ventromedial hypothalamic nucleus,0.70662,0.296070406576546,,0.305008081180778,,,0.23295962497792,,0.304978398243064,,964
K169-57,Prkd1.Nr5a1.Cd40.Fezf1.HY2,K169,481,1.52,0.83,Ventromedial hypothalamic nucleus,0.74784,0.161318546766914,,,,,,,0.166700951176786,,359
K169-51,Mobp.Sepp1.Pitx2.Foxb1.HY2,K169,141,0.45,0.81,NA,0.18363,,-0.0005127450401711,0.261177863776018,,0.0713030112884933,,0.105615308841608,0.0151908747686213,,2
K169-86,Slc7a10.Sepp1.Pitx2.Foxb1.HY2,K169,22,0.07,0.48,Arcuate hypothalamic nucleus,,,,,,,,,,,
K169-146,Pou6f2.Calca.Gad2.Arx.HY1,K169,14,0.04,0.23,Preoptic region,,,,,,,,,,,
K169-41,Gpc4.Calca.Gad2.Arx.HY1,K169,79,0.25,0.83,NA,0.44265,0.602418157798057,0.352069775042571,0.502551953334637,,0.416417423836063,,,0.478875623611306,0.47040144083651,
K169-74,Pmaip1.Calca.Gad2.Arx.HY1,K169,88,0.28,0.56,Preoptic region,0.24116,0.267184914954355,,0.0659943725153908,,0.206323117969899,,,0.223811942938752,,
K169-120,Npy2r.Gpr149.Cd40.Fezf1.HY2,K169,78,0.25,0.35,Ventromedial hypothalamic nucleus,0.86357,,,,,,,,,,
K169-26,Fgf10.Gpr149.Cd40.Fezf1.HY2,K169,1548,4.9,0.99,Ventromedial hypothalamic nucleus,0.83603,0.331201085347282,,,,,,,,,602
K169-58,Pthlh.Bcl11b.Il1rapl2.Otp.HY1,K169,515,1.63,0.7,Arcuate hypothalamic nucleus,0.67839,0.275741171231779,,0.280325160012047,,0.25233965728262,,0.264044680905948,0.244393297817216,,384
K169-89,Vcan.Bcl11b.Il1rapl2.Otp.HY1,K169,132,0.42,0.52,Arcuate hypothalamic nucleus,0.76066,0.221418165320713,,,,,,,0.213417064807768,,25
K169-11,Meis2.Adora2a.Crym.Ppp1r1b.HY2,K169,87,0.28,1.13,Preoptic region,0.23324,,,,,0.225586350672998,,,,,
K169-149,Trh.Ppp1r17.Hmx2.HY1,K169,43,0.14,0.2,Arcuate hypothalamic nucleus,0.83024,0.709436215790516,,,,,,,,,
K169-18,Cck.Ppp1r17.Hmx2.HY1,K169,809,2.56,1.04,Arcuate hypothalamic nucleus,0.43573,0.334754867586652,0.298619983198553,0.277106723590888,0.808590567874122,,0.328416033937244,0.284568869609647,,,292
K169-38,Th.Prok2.Hmx3.Hmx2.HY1,K169,152,0.48,0.87,Preoptic region,0.40907,0.357904619701422,0.38264680848169,0.393098440120455,0.7571203243106,0.37356595582183,,0.423847958254883,0.408342275065359,,
K169-94,Nts.Prok2.Hmx3.Hmx2.HY1,K169,39,0.12,0.49,Preoptic region,0.61203,0.554044084839435,,0.513416121830351,,0.61770810628846,,,0.608162752290971,,
K169-29,Trh.Sim1.Nrn1.HY2,K169,310,0.98,1.21,NA,0.50594,0.425640316079514,0.449911997398744,0.449305676671417,0.747833844004381,0.492030062800599,,0.448711174670009,0.457897437797471,,327
K169-15,Otp.Ebf1.Sim1.Nrn1.HY2,K169,300,0.95,1.06,Paraventricular hypothalamic nucleus,0.31122,0.280191314142722,0.267521134663275,0.251409090864257,,0.349708663740275,,0.375776075535549,0.267720721098212,,238
K169-61,Samd3.Meis2.Tbr1.Nrn1.HY2,K169,75,0.24,0.69,Subthalamic nucleus,0.35297,,0.300270194749976,,,0.460742206591747,,0.213593994054352,0.291426675764594,,
K169-93,Dmrta2.Meis2.Tbr1.Nrn1.HY2,K169,2,0.01,0.49,Paraventricular hypothalamic nucleus,,,,,,,,,,,
K169-1,Gm8773.Agrp.Npy.Otp.HY1,K169,407,1.29,1.86,Arcuate hypothalamic nucleus,0.27834,0.237890741593498,,0.240910041431837,0.704368403825801,,,,0.225862505577539,,299
K169-68,Sst.Agrp.Npy.Otp.HY1,K169,75,0.24,0.66,Arcuate hypothalamic nucleus,0.21049,0.178362495039415,,,,,,,,,
K169-75,Serpina3n.Agrp.Npy.Otp.HY1,K169,223,0.71,0.55,Arcuate hypothalamic nucleus,0.38603,0.357963895235397,,,,,,,,,254
K169-12,Tac2.Tbx3.HY1,K169,544,1.72,1.12,Arcuate hypothalamic nucleus,0.28213,0.206356381340063,,0.226394091758153,0.67423371917256,,,,,,278
K169-128,Ebf1.Nkx2-4.Gsx1.Hmx2.HY1,K169,54,0.17,0.33,NA,0.6822,0.281887284935166,0.282256884687333,,,,,0.412296768124003,,,
K169-44,Trh.Nkx2-4.Gsx1.Hmx2.HY1,K169,368,1.17,0.79,Arcuate hypothalamic nucleus,0.48528,0.251792074817618,0.237808628778235,0.289122961602056,0.859003680531868,,,0.411042009439181,,,175
K169-20,Crhbp.Gad2.Arx.HY1,K169,411,1.3,1.07,Subparaventricular zone,0.32714,0.361128300152328,0.266210710660545,0.278749544755807,,0.304757054017309,,,0.308300029847294,,400
K169-162,Foxp2.Crh.Lhx8.Arx.HY1,K169,11,0.03,0.07,Preoptic region,,,,,,,,,,,
K169-78,Sema3a.Crh.Lhx8.Arx.HY1,K169,34,0.11,0.6,Parastrial nucleus,,,,,,,,,,,
K169-98,Crhbp.Crh.Lhx8.Arx.HY1,K169,4,0.01,0.42,Parastrial nucleus,,,,,,,,,,,
K169-16,Meis2.Ppp1r1b.HY2,K169,32,0.1,1.06,Preoptic region,,,,,,,,,,,
K169-103,Lhx8.Nfix.St18.Arx.HY1,K169,52,0.16,0.5,Preoptic region,0.28406,0.131621879743953,0.3675626331019,,,0.255356129460304,,,,,
K169-85,Pax6.Nfix.St18.Arx.HY1,K169,359,1.14,0.5,NA,0.39319,0.255454116431015,0.240341051343139,0.233924821762751,,0.318397795240632,,0.348252186898136,0.261190826380896,,213
K169-105,Il1rapl2.Pthlh.Six3.Hmx2.HY1,K169,325,1.03,0.44,Arcuate hypothalamic nucleus,0.77848,0.218915239562314,,0.244752683135617,,,,0.312495075021488,,,124
K169-70,Gm28928.Pthlh.Six3.Hmx2.HY1,K169,451,1.43,0.62,Arcuate hypothalamic nucleus,0.70208,0.19291059616531,,0.154244854897529,,,,,,,188
K169-144,Smim3.Oxt,K169,107,0.34,0.25,Paraventricular hypothalamic nucleus,0.71425,,,0.565506396763555,,,,,0.622909837678054,,
K169-40,Ebf3.Oxt,K169,408,1.29,0.82,Paraventricular hypothalamic nucleus,0.46076,0.280597949457487,,0.260078723723391,0.772836081600619,,0.215697503154304,0.349351190503159,0.270553588149523,,140
K169-22,Ebf3.Foxb1.HY2,K169,378,1.2,0.99,Posterior/Mamillary region,0.33071,0.235116703898582,0.202576781372973,0.244320627373433,,,,0.240243633649669,,,258
K169-137,Foxb1.Pitx2.Tbr1.Nrn1.HY2,K169,55,0.17,0.14,Posterior/Mamillary region,0.13123,,-0.125080268780869,,,,,0.127039312068953,,,
K169-25,Irx3.Pitx2.Tbr1.Nrn1.HY2,K169,1179,3.74,0.97,Posterior/Mamillary region,0.44989,0.346227454828575,0.308128648066559,0.325570521569526,,,,0.40053071724234,,,1007
K169-143,Pdzrn3.Alk.Epha6.Fezf1.HY2,K169,66,0.21,0.31,Ventromedial hypothalamic nucleus,0.88123,0.246181334865979,,,,,,,,,
K169-3,SgcAlk.Epha6.Fezf1.HY2,K169,254,0.8,1.8,Ventromedial hypothalamic nucleus,0.85206,0.260415752691692,,,,,,,,,105
K169-62,BC048546.Alk.Epha6.Fezf1.HY2,K169,74,0.23,0.6,Ventromedial hypothalamic nucleus,0.90128,,,,,,,,,,
K169-31,Lef1.HY14.HY10.HY2,K169,556,1.76,0.91,NA,0.58077,0.252715191140743,0.216380346465779,,,,,0.318905846733481,,,172
K169-48,Sox14.Lef1.Hmx2.HY1,K169,620,1.96,0.77,Posterior/Mamillary region,0.43031,0.329788851433608,,0.307886265061738,,,,,,,282
K169-100,Smim3.Gldn.Cd40.Fezf1.HY2,K169,39,0.12,0.48,Ventromedial hypothalamic nucleus,0.87185,,,,,,,,,,
K169-109,Gm13481.Gldn.Cd40.Fezf1.HY2,K169,113,0.36,0.41,Ventromedial hypothalamic nucleus,0.81586,,,,,,,,,,
K169-160,Sox3.Il1rapl2.Epha6.Fezf1.HY2,K169,4,0.01,0.1,Ventromedial hypothalamic nucleus,,,,,,,,,,,
K169-43,Gm30382.Il1rapl2.Epha6.Fezf1.HY2,K169,131,0.42,0.79,Ventromedial hypothalamic nucleus,0.7809,0.0737689463535955,,,,0.17328661646871,,0.110288033162611,,,80
K169-54,Sncg.Gad2.Arx.HY1,K169,420,1.33,0.78,NA,0.52688,0.351817865278937,0.316848859733111,,,0.369420662255284,,0.325949555006946,0.341775351588084,,330
K169-37,Gsx1.Hmx3.Hmx2.HY1,K169,219,0.69,0.91,NA,0.4439,,0.259847418977792,,,0.322483765324233,,0.318552320204717,,,
K169-136,Tac2.Arx.Six6.HY1,K169,188,0.6,0.36,Posterior/Mamillary region,0.3927,0.290146323971825,,,,0.331810472994372,,0.379359990109796,0.297435489837764,,
K169-30,Penk.Arx.Six6.HY1,K169,167,0.53,0.63,Posterior/Mamillary region,0.30653,0.273689938340181,,0.378031172423068,,0.301992092781892,,,0.274215436441319,0.239715080968664,6
K169-55,Cplx1.Gad2.Arx.HY1,K169,147,0.47,0.74,Subparaventricular zone,0.38792,,0.318395999814053,0.407512011453307,,0.341960580491445,,0.370106851161027,0.391477067191349,,
K169-52,Bace2.Tcf7l2.Tbx3.HY1,K169,337,1.07,0.77,Ventromedial hypothalamic nucleus,0.42655,0.259758416375345,,0.254301904079909,,,,,,,197
K169-27,Gm43122.Adarb2.Cd40.Fezf1.HY2,K169,162,0.51,0.91,Ventromedial hypothalamic nucleus,0.81731,0.222470004704137,,,,,,,,,38
K169-8,Satb2.Adarb2.Cd40.Fezf1.HY2,K169,444,1.41,1.26,Ventromedial hypothalamic nucleus,0.7822,0.21511986765715,,,,,,0.272745731245946,,,344
K169-50,Sox6.Npy.Otp.HY1,K169,171,0.54,0.77,Ventromedial hypothalamic nucleus,0.64249,0.222111738772175,,,,,,,0.23425144129334,,
K169-56,Tmem215.St18.Arx.HY1,K169,32,0.1,0.75,Preoptic region,0.69805,,0.648057408645589,0.737511518709608,,0.688263181428094,,,0.764161013205587,,
K169-134,Otp.Gm28928.Hmx3.Hmx2.HY1,K169,143,0.45,0.28,NA,0.79878,0.221239192159115,,,,,,0.286383893041287,,,
K169-92,Adarb2.Gm28928.Hmx3.Hmx2.HY1,K169,256,0.81,0.52,NA,0.71764,0.103609631029498,0.0407963923860811,,,,,0.177733647636847,0.130380676964895,,104
K169-133,Scn4b.Crhbp.Sim1.Nrn1.HY2,K169,13,0.04,0.22,NA,,,,,,,,,,,
K169-83,Otp.Crhbp.Sim1.Nrn1.HY2,K169,481,1.52,0.56,NA,0.39794,,0.267326485723792,,,0.292405314680116,,0.243534915279722,0.258281929641026,,266
K169-60,Crh.Hmx3.Hmx2.HY1,K169,153,0.48,0.71,Arcuate hypothalamic nucleus,0.50319,0.333835610547891,0.340344868001261,,,0.466376125779817,,0.389314798651319,0.407802329535665,,
K169-102,Gng8.Samd3.Tbr1.Nrn1.HY2,K169,7,0.02,0.48,Preoptic region,,,,,,,,,,,
K169-99,Nts.Hmx3.Hmx2.HY1,K169,58,0.18,0.49,Preoptic region,0.51089,,0.382186344997271,,,0.489829665634128,,,0.45831281232868,,
K169-122,Nmu.Serpinb1b.Lhx8.Arx.HY1,K169,94,0.3,0.35,Preoptic region,0.24475,,,,,0.246550536475307,,,,,2
K169-131,Serpinf1.Serpinb1b.Lhx8.Arx.HY1,K169,20,0.06,0.29,Preoptic region,,,,,,,,,,,
K169-67,Nr5a2.Satb2.HY1,K169,156,0.49,0.62,Arcuate hypothalamic nucleus,0.30827,0.225775016692044,,,,0.280402605429706,,,0.250899941632526,,33
K169-119,Sox6.Tmem114.Lef1.Hmx2.HY1,K169,131,0.42,0.16,Zona incerta,0.70523,,0.248398657395299,,,,,0.354218041300231,,,
K169-73,Tcf7l2.Tmem114.Lef1.Hmx2.HY1,K169,530,1.68,0.6,Zona incerta,0.30352,0.105005058198959,0.131359376676231,,,0.281883131499824,,0.242472103486348,,,496
K169-19,Drd1.Tac1.Crym.Ppp1r1b.HY2,K169,71,0.22,1.07,Preoptic region,0.57755,,,,,0.574695747977791,,,,,
K169-46,Prok2.Tac1.Crym.Ppp1r1b.HY2,K169,4,0.01,0.78,Arcuate hypothalamic nucleus,,,,,,,,,,,
K169-110,Trp73.Pax6.Tbr1.Nrn1.HY2,K169,30,0.1,0.41,Parasubthalamic nucleus,,,,,,,,,,,
K169-151,Mab21l2.Pax6.Tbr1.Nrn1.HY2,K169,10,0.03,0.18,Parasubthalamic nucleus,,,,,,,,,,,
K169-79,Esr1.Cd40.Fezf1.HY2,K169,8,0.03,0.56,Ventromedial hypothalamic nucleus,,,,,,,,,,,
K169-114,Fam81a.Prox1.Lhx8.Arx.HY1,K169,15,0.05,0.39,Preoptic region,,,,,,,,,,,
K169-158,Meis2.Prox1.Lhx8.Arx.HY1,K169,2,0.01,0.11,Zona incerta,,,,,,,,,,,
K169-91,Qrfpr.Cd40.Fezf1.HY2,K169,193,0.61,0.5,Ventromedial hypothalamic nucleus,0.86475,,,,,,,,,,33
K169-132,Qrfp.Lhx9.Rfx4.HY10.HY2,K169,95,0.3,0.3,NA,0.69046,0.297219524423415,,,,,,0.371577557999093,0.318489585794229,,
K169-154,Npvf.Lhx9.Rfx4.HY10.HY2,K169,73,0.23,0.17,Arcuate hypothalamic nucleus,0.62847,0.386274985671325,,,,,,0.504011955943757,,,
K169-129,Tac2.Gad2.Arx.HY1,K169,28,0.09,0.29,Parasubthalamic nucleus,,,,,,,,,,,
K169-139,Parpbp.Otx1.HY10.HY2,K169,131,0.42,0.27,NA,0.6942,,0.639195135652324,,,,0.686950651565543,0.660255204332527,,,
K169-150,Foxd2.Otx1.HY10.HY2,K169,109,0.35,0.18,NA,0.68064,,,,,,,0.330557367286366,,,7
K169-107,Prph.Lef1.Hmx2.HY1,K169,570,1.81,0.44,Posterior/Mamillary region,0.37797,0.302760392556404,,0.287144279499222,,,,,,,482
K169-115,Crh.Lhx6.Arx.HY1,K169,3,0.01,0.38,Parastrial nucleus,,,,,,,,,,,
K169-21,Anxa2.Pomc.Tcf7l2.Tbx3.HY1,K169,175,0.55,1.08,Arcuate hypothalamic nucleus,0.61171,0.40613263171074,,0.363714502440036,,,,,0.349375271546796,,
K169-35,Ttr.Pomc.Tcf7l2.Tbx3.HY1,K169,249,0.79,0.85,Arcuate hypothalamic nucleus,0.59605,0.405643853232299,,0.383633867457481,,,,,0.432783544093197,,94
K169-121,Shox2.Tbr1.Nrn1.HY2,K169,97,0.31,0.36,Paraventricular hypothalamic nucleus,0.64154,,,,,0.73554349308938,,,,,2
K169-123,Hk2.HY14.HY10.HY2,K169,164,0.52,0.35,Ventromedial hypothalamic nucleus,0.77269,0.200915102549181,,,,,,,,,43
K169-127,Ebf3.Tbr1.Nrn1.HY2,K169,346,1.1,0.33,Posterior/Mamillary region,0.38484,,,,,,,,,,325
K169-77,Crh.Gad2.Arx.HY1,K169,4,0.01,0.29,NA,,,,,,,,,,,
K169-125,Gpr50.Hmx3.Hmx2.HY1,K169,155,0.49,0.33,Arcuate hypothalamic nucleus,0.53939,0.192511028465301,0.243952248648078,0.151575718225025,,0.464366116928921,,0.203187482994435,0.254369334323607,,
K169-130,Nts.Npy.Otp.HY1,K169,228,0.72,0.31,NA,0.76765,0.220435675142442,,,,,,,,,12
K169-141,Sst.Nrn1.HY2,K169,53,0.17,0.26,NA,0.67265,0.636232777557385,,0.616757884156495,0.776852745947323,0.663499162969504,,0.698545187377569,0.60795513818096,,
K169-138,Nrn1.HY14.HY10.HY2,K169,80,0.25,0.27,Arcuate hypothalamic nucleus,0.64534,0.305296258245528,,,,,,,,,3
K169-142,Hcrt.Rfx4.HY10.HY2,K169,47,0.15,0.26,NA,0.66103,,0.562204664672924,,,,,0.659381320947734,,,
K169-28,Crabp1.Tcf7l2.Tbx3.HY1,K169,387,1.23,0.93,Arcuate hypothalamic nucleus,0.29711,0.225081433634202,,0.188327746233818,,,,,,,167
K169-145,Sln.Tbr1.Nrn1.HY2,K169,6,0.02,0.25,NA,,,,,,,,,,,
K169-124,Meis2.St18.Arx.HY1,K169,19,0.06,0.33,Zona incerta,,,,,,,,,,,
K169-159,Ucn3.Sim1.Nrn1.HY2,K169,8,0.03,0.09,Paraventricular hypothalamic nucleus,,,,,,,,,,,
K169-153,C1ql1.Gad2.Arx.HY1,K169,51,0.16,0.17,Preoptic region,0.24919,0.158512344324733,,,,0.362408293528565,,,0.142930339343254,,
K169-161,Myo1a.Pitx2.Foxb1.HY2,K169,134,0.42,0.08,NA,0.35535,,,,,,,,,,
K169-166,Gnrh1,K169,11,0.03,0.05,NA,,,,,,,,,,,
K240-36,Acvr1c.Gm8773.Agrp.Npy.Otp.HY1,K240,404,1.28,0.77,,,,,,,,,,,,
K240-63,Serpina3n.Gm8773.Agrp.Npy.Otp.HY1,K240,3,0.01,0.58,,,,,,,,,,,,
K240-4,Vip.Cd24a.Six6.HY1,K240,199,0.63,1.13,,,,,,,,,,,,12
K240-85,Smim3.Gldn.Cd40.Fezf1.HY2,K240,39,0.12,0.48,,,,,,,,,,,,
K240-126,C1ql1.Gng8.Samd3.Tbr1.Nrn1.HY2,K240,5,0.02,0.35,,,,,,,,,,,,
K240-201,Lhx9.Gng8.Samd3.Tbr1.Nrn1.HY2,K240,2,0.01,0.13,,,,,,,,,,,,
K240-150,Slc10a4.Lhx8.Nfix.St18.Arx.HY1,K240,45,0.14,0.3,,,,,,,,,,,,
K240-184,Igfbp4.Lhx8.Nfix.St18.Arx.HY1,K240,7,0.02,0.2,,,,,,,,,,,,
K240-146,Nr4a3.C1ql2.Nr5a1.Cd40.Fezf1.HY2,K240,134,0.42,0.29,,,,,,,,,,,,
K240-159,Zfpm2.C1ql2.Nr5a1.Cd40.Fezf1.HY2,K240,17,0.05,0.23,,,,,,,,,,,,
K240-94,Il1rapl2.Pthlh.Six3.Hmx2.HY1,K240,325,1.03,0.44,,,,,,,,,,,,124
K240-171,Ebf3.Crh.Pou3f3.Sim1.Nrn1.HY2,K240,27,0.09,0.24,,,,,,,,,,,,
K240-183,Nfix.Crh.Pou3f3.Sim1.Nrn1.HY2,K240,188,0.6,0.2,,,,,,,,,,,,
K240-174,Hdc.Prph.Lef1.Hmx2.HY1,K240,400,1.27,0.22,,,,,,,,,,,,
K240-180,Gm8773.Prph.Lef1.Hmx2.HY1,K240,170,0.54,0.22,,,,,,,,,,,,
K240-100,Sox14.Foxg1.HY14.HY10.HY2,K240,4,0.01,0.42,,,,,,,,,,,,
K240-102,Gm13481.Gldn.Cd40.Fezf1.HY2,K240,113,0.36,0.41,,,,,,,,,,,,
K240-3,Meis2.Adora2a.Crym.Ppp1r1b.HY2,K240,87,0.28,1.13,,,,,,,,,,,,
K240-111,Trp73.Pax6.Tbr1.Nrn1.HY2,K240,30,0.1,0.41,,,,,,,,,,,,
K240-110,Lhx9.Foxg1.HY14.HY10.HY2,K240,9,0.03,0.39,,,,,,,,,,,,
K240-112,C1ql3.Prokr2.Six6.HY1,K240,37,0.12,0.38,,,,,,,,,,,,
K240-99,Fam81a.Prox1.Lhx8.Arx.HY1,K240,15,0.05,0.39,,,,,,,,,,,,
K240-104,Crh.Lhx6.Arx.HY1,K240,3,0.01,0.38,,,,,,,,,,,,
K240-121,Gm20754.Nfib.Six3.Hmx2.HY1,K240,119,0.38,0.37,,,,,,,,,,,,20
K240-149,Gbx1.Lhx8.Lhx6.Arx.HY1,K240,122,0.39,0.44,,,,,,,,,,,,
K240-119,Sox6.Tmem114.Lef1.Hmx2.HY1,K240,131,0.42,0.16,,,,,,,,,,,,
K240-2,Tac2.Tbx3.HY1,K240,544,1.72,1.12,,,,,,,,,,,,278
K240-123,Npy2r.Gpr149.Cd40.Fezf1.HY2,K240,78,0.25,0.35,,,,,,,,,,,,
K240-124,Shox2.Tbr1.Nrn1.HY2,K240,97,0.31,0.36,,,,,,,,,,,,2
K240-122,Nmu.Serpinb1b.Lhx8.Arx.HY1,K240,94,0.3,0.36,,,,,,,,,,,,2
K240-128,Hk2.HY14.HY10.HY2,K240,164,0.52,0.35,,,,,,,,,,,,43
K240-147,Meis2.St18.Arx.HY1,K240,19,0.06,0.33,,,,,,,,,,,,
K240-137,Gpr50.Hmx3.Hmx2.HY1,K240,155,0.49,0.33,,,,,,,,,,,,
K240-134,Pmaip1.Nfix.Gad2.Arx.HY1,K240,29,0.09,0.32,,,,,,,,,,,,
K240-145,Ebf3.Tbr1.Nrn1.HY2,K240,346,1.1,0.31,,,,,,,,,,,,325
K240-133,Ebf1.Nkx2-4.Gsx1.Hmx2.HY1,K240,54,0.17,0.34,,,,,,,,,,,,
K240-156,Tac2.Gad2.Arx.HY1,K240,28,0.09,0.29,,,,,,,,,,,,
K240-109,Nov.Vip.Six6.HY1,K240,9,0.03,0.35,,,,,,,,,,,,
K240-25,Prok2.Vip.Six6.HY1,K240,63,0.2,0.8,,,,,,,,,,,,
K240-139,Nts.Npy.Otp.HY1,K240,228,0.72,0.31,,,,,,,,,,,,12
K240-151,Serpinf1.Serpinb1b.Lhx8.Arx.HY1,K240,20,0.06,0.29,,,,,,,,,,,,
K240-148,Qrfp.Lhx9.Rfx4.HY10.HY2,K240,95,0.3,0.3,,,,,,,,,,,,
K240-155,Scn4b.Crhbp.Sim1.Nrn1.HY2,K240,13,0.04,0.22,,,,,,,,,,,,
K240-153,Otp.Gm28928.Hmx3.Hmx2.HY1,K240,143,0.45,0.28,,,,,,,,,,,,
K240-120,Tac2.Arx.Six6.HY1,K240,188,0.6,0.36,,,,,,,,,,,,
K240-202,Foxb1.Pitx2.Tbr1.Nrn1.HY2,K240,55,0.17,0.14,,,,,,,,,,,,
K240-157,Nrn1.HY14.HY10.HY2,K240,80,0.25,0.27,,,,,,,,,,,,3
K240-160,Parpbp.Otx1.HY10.HY2,K240,131,0.42,0.27,,,,,,,,,,,,
K240-127,C1ql3.Gal.Zic1.Hmx3.Hmx2.HY1,K240,13,0.04,0.33,,,,,,,,,,,,
K240-182,Tac2.Gal.Zic1.Hmx3.Hmx2.HY1,K240,28,0.09,0.21,,,,,,,,,,,,
K240-60,Pmaip1.Gal.Zic1.Hmx3.Hmx2.HY1,K240,67,0.21,0.57,,,,,,,,,,,,
K240-158,Pmaip1.Zic1.Hmx3.Hmx2.HY1,K240,1,0,0.26,,,,,,,,,,,,
K240-166,Sst.Nrn1.HY2,K240,53,0.17,0.26,,,,,,,,,,,,
K240-162,Hcrt.Rfx4.HY10.HY2,K240,47,0.15,0.26,,,,,,,,,,,,
K240-144,Pdzrn3.Alk.Epha6.Fezf1.HY2,K240,66,0.21,0.31,,,,,,,,,,,,
K240-167,Smim3.Oxt,K240,107,0.34,0.25,,,,,,,,,,,,
K240-168,Sln.Tbr1.Nrn1.HY2,K240,6,0.02,0.25,,,,,,,,,,,,
K240-172,Pou6f2.Calca.Gad2.Arx.HY1,K240,14,0.04,0.23,,,,,,,,,,,,
K240-173,Satb2.Sp9.Gad2.Arx.HY1,K240,1,0,0.24,,,,,,,,,,,,
K240-175,Trh.Ppp1r17.Hmx2.HY1,K240,43,0.14,0.2,,,,,,,,,,,,
K240-125,Gsc.Otp.Ebf1.Sim1.Nrn1.HY2,K240,46,0.15,0.38,,,,,,,,,,,,
K240-49,Trh.Otp.Ebf1.Sim1.Nrn1.HY2,K240,254,0.8,0.68,,,,,,,,,,,,
K240-187,Foxd2.Otx1.HY10.HY2,K240,109,0.35,0.18,,,,,,,,,,,,7
K240-188,Mab21l2.Pax6.Tbr1.Nrn1.HY2,K240,10,0.03,0.18,,,,,,,,,,,,
K240-210,C1ql1.Gad2.Arx.HY1,K240,51,0.16,0.08,,,,,,,,,,,,
K240-198,Npvf.Lhx9.Rfx4.HY10.HY2,K240,73,0.23,0.17,,,,,,,,,,,,
K240-208,Meis2.Prox1.Lhx8.Arx.HY1,K240,2,0.01,0.11,,,,,,,,,,,,
K240-212,Ucn3.Sim1.Nrn1.HY2,K240,8,0.03,0.09,,,,,,,,,,,,
K240-7,Meis2.Ppp1r1b.HY2,K240,32,0.1,1.06,,,,,,,,,,,,
K240-211,Sox3.Il1rapl2.Epha6.Fezf1.HY2,K240,4,0.01,0.1,,,,,,,,,,,,
K240-216,Myo1a.Pitx2.Foxb1.HY2,K240,134,0.42,0.08,,,,,,,,,,,,
K240-218,Foxp2.Crh.Lhx8.Arx.HY1,K240,11,0.03,0.07,,,,,,,,,,,,
K240-224,Gnrh1,K240,11,0.03,0.05,,,,,,,,,,,,
K240-8,Col6a1.Nfib.Six3.Hmx2.HY1,K240,296,0.94,1.06,,,,,,,,,,,,115
K240-141,Dlx1.Cck.Ppp1r17.Hmx2.HY1,K240,274,0.87,0.32,,,,,,,,,,,,
K240-39,Grp.Cck.Ppp1r17.Hmx2.HY1,K240,535,1.69,0.72,,,,,,,,,,,,
K240-73,Scn4b.Drd1.Tac1.Crym.Ppp1r1b.HY2,K240,31,0.1,0.47,,,,,,,,,,,,
K240-75,Meis2.Drd1.Tac1.Crym.Ppp1r1b.HY2,K240,40,0.13,0.61,,,,,,,,,,,,
K240-14,Hmcn2.Gpr149.Nr5a1.Cd40.Fezf1.HY2,K240,1188,3.76,0.83,,,,,,,,,,,,
K240-89,Megf11.Gpr149.Nr5a1.Cd40.Fezf1.HY2,K240,27,0.09,0.55,,,,,,,,,,,,
K240-98,Prkd1.Gpr149.Nr5a1.Cd40.Fezf1.HY2,K240,5,0.02,0.4,,,,,,,,,,,,
K240-74,Pou6f2.Crhbp.Gad2.Arx.HY1,K240,318,1.01,0.55,,,,,,,,,,,,
K240-76,Zic1.Crhbp.Gad2.Arx.HY1,K240,93,0.29,0.53,,,,,,,,,,,,
K240-11,Cartpt.Anxa2.Pomc.Tcf7l2.Tbx3.HY1,K240,171,0.54,0.96,,,,,,,,,,,,
K240-206,Bcl11b.Anxa2.Pomc.Tcf7l2.Tbx3.HY1,K240,4,0.01,0.12,,,,,,,,,,,,
K240-70,Dkk2.Ebf3.Foxb1.HY2,K240,285,0.9,0.54,,,,,,,,,,,,
K240-91,Emx2.Ebf3.Foxb1.HY2,K240,93,0.29,0.45,,,,,,,,,,,,
K240-12,Cd44.Nts.Ctxn3.Pitx2.Foxb1.HY2,K240,232,0.73,0.96,,,,,,,,,,,,
K240-203,Pou6f2.Nts.Ctxn3.Pitx2.Foxb1.HY2,K240,66,0.21,0.13,,,,,,,,,,,,
K240-16,Sstr1.Sst.Il1rapl2.Otp.HY1,K240,250,0.79,0.88,,,,,,,,,,,,129
K240-107,Barhl2.Irx3.Pitx2.Tbr1.Nrn1.HY2,K240,293,0.93,0.4,,,,,,,,,,,,
K240-115,Slc6a3.Irx3.Pitx2.Tbr1.Nrn1.HY2,K240,800,2.53,0.39,,,,,,,,,,,,
K240-192,Barhl1.Irx3.Pitx2.Tbr1.Nrn1.HY2,K240,86,0.27,0.18,,,,,,,,,,,,
K240-101,Rbms2.Fgf10.Gpr149.Cd40.Fezf1.HY2,K240,100,0.32,0.42,,,,,,,,,,,,
K240-199,Gm37401.Fgf10.Gpr149.Cd40.Fezf1.HY2,K240,1,0,0.16,,,,,,,,,,,,
K240-90,Gpc5.Fgf10.Gpr149.Cd40.Fezf1.HY2,K240,1447,4.58,0.42,,,,,,,,,,,,
K240-20,Gm43122.Adarb2.Cd40.Fezf1.HY2,K240,162,0.51,0.91,,,,,,,,,,,,38
K240-13,Crabp1.Tcf7l2.Tbx3.HY1,K240,387,1.23,0.93,,,,,,,,,,,,167
K240-116,Mab21l2.Trh.Sim1.Nrn1.HY2,K240,87,0.28,0.38,,,,,,,,,,,,
K240-140,Sncg.Trh.Sim1.Nrn1.HY2,K240,67,0.21,0.29,,,,,,,,,,,,
K240-71,Cbln2.Trh.Sim1.Nrn1.HY2,K240,156,0.49,0.54,,,,,,,,,,,,
K240-177,Cntnap5b.SgcAlk.Epha6.Fezf1.HY2,K240,140,0.44,0.23,,,,,,,,,,,,
K240-18,Fam19a1.SgcAlk.Epha6.Fezf1.HY2,K240,103,0.33,0.87,,,,,,,,,,,,
K240-191,Cenpf.SgcAlk.Epha6.Fezf1.HY2,K240,7,0.02,0.19,,,,,,,,,,,,
K240-67,Gm37401.SgcAlk.Epha6.Fezf1.HY2,K240,4,0.01,0.51,,,,,,,,,,,,
K240-50,Penk.Arx.Six6.HY1,K240,167,0.53,0.63,,,,,,,,,,,,6
K240-22,Lef1.HY14.HY10.HY2,K240,556,1.76,0.91,,,,,,,,,,,,172
K240-19,Sytl4.Tmem215.Tcf7l2.Tbx3.HY1,K240,608,1.93,1.1,,,,,,,,,,,,348
K240-118,Fam159b.Adarb2.Onecut2.Gad2.Arx.HY1,K240,216,0.68,0.38,,,,,,,,,,,,
K240-77,Tacr3.Adarb2.Onecut2.Gad2.Arx.HY1,K240,240,0.76,0.53,,,,,,,,,,,,
K240-21,Prdm13.Foxp2.Ifi27l2a.Fezf1.HY2,K240,571,1.81,0.85,,,,,,,,,,,,274
K240-23,Ttr.Pomc.Tcf7l2.Tbx3.HY1,K240,249,0.79,0.85,,,,,,,,,,,,94
K240-15,Dkk2.Nms.Six6.HY1,K240,134,0.42,0.84,,,,,,,,,,,,2
K240-143,Gal.Gsx1.Hmx3.Hmx2.HY1,K240,49,0.16,0.31,,,,,,,,,,,,
K240-223,Meis2.Gsx1.Hmx3.Hmx2.HY1,K240,1,0,0.04,,,,,,,,,,,,
K240-69,Crh.Gsx1.Hmx3.Hmx2.HY1,K240,169,0.54,0.56,,,,,,,,,,,,
K240-45,Th.Prok2.Hmx3.Hmx2.HY1,K240,152,0.48,0.87,,,,,,,,,,,,
K240-26,Crabp1.Nfib.Six3.Hmx2.HY1,K240,123,0.39,0.83,,,,,,,,,,,,
K240-194,Vipr2.Grin2c.Nms.Six6.HY1,K240,2,0.01,0.18,,,,,,,,,,,,
K240-54,Ppp1r17.Grin2c.Nms.Six6.HY1,K240,96,0.3,0.62,,,,,,,,,,,,
K240-9,Avp.Grin2c.Nms.Six6.HY1,K240,41,0.13,1.04,,,,,,,,,,,,
K240-30,Ebf3.Oxt,K240,408,1.29,0.83,,,,,,,,,,,,140
K240-205,Meis2.Gpc4.Calca.Gad2.Arx.HY1,K240,16,0.05,0.1,,,,,,,,,,,,
K240-43,Arhgap36.Gpc4.Calca.Gad2.Arx.HY1,K240,63,0.2,0.73,,,,,,,,,,,,
K240-27,Nfia.Slc17a8.Ifi27l2a.Fezf1.HY2,K240,627,1.99,0.8,,,,,,,,,,,,317
K240-29,Gm30382.Il1rapl2.Epha6.Fezf1.HY2,K240,131,0.42,0.79,,,,,,,,,,,,80
K240-28,Trh.Nkx2-4.Gsx1.Hmx2.HY1,K240,368,1.17,0.79,,,,,,,,,,,,175
K240-31,Nfix.Fam159b.Satb2.HY1,K240,159,0.5,0.79,,,,,,,,,,,,13
K240-189,Wnt2.Prok2.Tac1.Crym.Ppp1r1b.HY2,K240,1,0,0.21,,,,,,,,,,,,
K240-58,Crh.Prok2.Tac1.Crym.Ppp1r1b.HY2,K240,3,0.01,0.57,,,,,,,,,,,,
K240-34,Kirrel3.C1ql2.Epha6.Fezf1.HY2,K240,261,0.83,0.8,,,,,,,,,,,,95
K240-35,Sox14.Lef1.Hmx2.HY1,K240,620,1.96,0.77,,,,,,,,,,,,282
K240-108,Ttn.Nfib.Nfix.Gad2.Arx.HY1,K240,197,0.62,0.4,,,,,,,,,,,,
K240-185,Mfge8.Nfib.Nfix.Gad2.Arx.HY1,K240,15,0.05,0.15,,,,,,,,,,,,
K240-96,Htr3a.Nfib.Nfix.Gad2.Arx.HY1,K240,25,0.08,0.42,,,,,,,,,,,,
K240-5,Vipr2.Prokr2.Six6.HY1,K240,114,0.36,1.19,,,,,,,,,,,,2
K240-32,Sox6.Npy.Otp.HY1,K240,171,0.54,0.78,,,,,,,,,,,,
K240-196,Ermn.Mobp.Sepp1.Pitx2.Foxb1.HY2,K240,11,0.03,0.17,,,,,,,,,,,,
K240-88,Gm27032.Mobp.Sepp1.Pitx2.Foxb1.HY2,K240,130,0.41,0.45,,,,,,,,,,,,
K240-37,Bace2.Tcf7l2.Tbx3.HY1,K240,337,1.07,0.77,,,,,,,,,,,,197
K240-40,Prdm13.Slc17a8.Ifi27l2a.Fezf1.HY2,K240,390,1.24,0.77,,,,,,,,,,,,133
K240-209,Slc30a3.Sncg.Gad2.Arx.HY1,K240,10,0.03,0.1,,,,,,,,,,,,
K240-44,Pmfbp1.Sncg.Gad2.Arx.HY1,K240,410,1.3,0.68,,,,,,,,,,,,
K240-47,Cplx1.Gad2.Arx.HY1,K240,147,0.47,0.75,,,,,,,,,,,,
K240-38,Tmem215.St18.Arx.HY1,K240,32,0.1,0.75,,,,,,,,,,,,
K240-33,Prkd1.Nr5a1.Cd40.Fezf1.HY2,K240,481,1.52,0.83,,,,,,,,,,,,359
K240-42,Pthlh.Bcl11b.Il1rapl2.Otp.HY1,K240,515,1.63,0.7,,,,,,,,,,,,384
K240-106,Cyp26a1.Sfrp1.Lhx8.Lhx6.Arx.HY1,K240,14,0.04,0.35,,,,,,,,,,,,
K240-138,Ntn1.Sfrp1.Lhx8.Lhx6.Arx.HY1,K240,5,0.02,0.36,,,,,,,,,,,,
K240-1,Ghrh.Gsx1.Hmx2.HY1,K240,436,1.38,1.31,,,,,,,,,,,,256
K240-179,Nts.Crh.Hmx3.Hmx2.HY1,K240,59,0.19,0.21,,,,,,,,,,,,
K240-83,Gal.Crh.Hmx3.Hmx2.HY1,K240,94,0.3,0.51,,,,,,,,,,,,
K240-48,Samd3.Meis2.Tbr1.Nrn1.HY2,K240,75,0.24,0.7,,,,,,,,,,,,
K240-57,BC048546.Alk.Epha6.Fezf1.HY2,K240,74,0.23,0.6,,,,,,,,,,,,
K240-105,Gbx1.Sema3c.Lhx8.Lhx6.Arx.HY1,K240,74,0.23,0.34,,,,,,,,,,,,
K240-142,Npas1.Sema3c.Lhx8.Lhx6.Arx.HY1,K240,8,0.03,0.28,,,,,,,,,,,,
K240-72,Lmo3.Foxp2.Ifi27l2a.Fezf1.HY2,K240,188,0.6,0.57,,,,,,,,,,,,117
K240-46,Postn.Ctxn3.Pitx2.Foxb1.HY2,K240,63,0.2,0.66,,,,,,,,,,,,
K240-79,Bdnf.C1ql2.Epha6.Fezf1.HY2,K240,120,0.38,0.59,,,,,,,,,,,,
K240-52,Nr5a2.Satb2.HY1,K240,156,0.49,0.62,,,,,,,,,,,,33
K240-51,Sst.Agrp.Npy.Otp.HY1,K240,75,0.24,0.66,,,,,,,,,,,,
K240-56,Slc6a3.Fam159b.Satb2.HY1,K240,145,0.46,0.61,,,,,,,,,,,,7
K240-6,Ttn.Sall3.Pitx2.Foxb1.HY2,K240,316,1,1.09,,,,,,,,,,,,35
K240-55,Gm28928.Pthlh.Six3.Hmx2.HY1,K240,451,1.43,0.62,,,,,,,,,,,,188
K240-132,Prdm12.Slc30a3.Meis2.Gad2.Arx.HY1,K240,200,0.63,0.33,,,,,,,,,,,,
K240-164,Sp8.Slc30a3.Meis2.Gad2.Arx.HY1,K240,15,0.05,0.26,,,,,,,,,,,,
K240-226,Pax6.Slc30a3.Meis2.Gad2.Arx.HY1,K240,1,0,0.05,,,,,,,,,,,,
K240-103,Th.Gpc3.Sst.Il1rapl2.Otp.HY1,K240,71,0.22,0.46,,,,,,,,,,,,
K240-181,Zfp804b.Gpc3.Sst.Il1rapl2.Otp.HY1,K240,36,0.11,0.21,,,,,,,,,,,,
K240-59,Tcf7l2.Tmem114.Lef1.Hmx2.HY1,K240,530,1.68,0.6,,,,,,,,,,,,496
K240-66,Pmaip1.Calca.Gad2.Arx.HY1,K240,88,0.28,0.56,,,,,,,,,,,,
K240-61,Serpina3n.Agrp.Npy.Otp.HY1,K240,223,0.71,0.55,,,,,,,,,,,,254
K240-10,Igfbp4.Prokr2.Six6.HY1,K240,56,0.18,0.58,,,,,,,,,,,,
K240-169,Crh.Gad2.Arx.HY1,K240,4,0.01,0.29,,,,,,,,,,,,
K240-190,Th.Sema3a.Crh.Lhx8.Arx.HY1,K240,9,0.03,0.18,,,,,,,,,,,,
K240-95,Pou3f1.Sema3a.Crh.Lhx8.Arx.HY1,K240,25,0.08,0.42,,,,,,,,,,,,
K240-65,Esr1.Cd40.Fezf1.HY2,K240,8,0.03,0.56,,,,,,,,,,,,
K240-136,Gm28928.Satb2.Adarb2.Cd40.Fezf1.HY2,K240,204,0.65,0.31,,,,,,,,,,,,
K240-17,Necab1.Satb2.Adarb2.Cd40.Fezf1.HY2,K240,240,0.76,0.95,,,,,,,,,,,,
K240-152,Crh.Eomes.Foxg1.HY14.HY10.HY2,K240,5,0.02,0.29,,,,,,,,,,,,
K240-161,C1ql2.Eomes.Foxg1.HY14.HY10.HY2,K240,3,0.01,0.27,,,,,,,,,,,,
K240-80,Lhx1.Cd24a.Six6.HY1,K240,38,0.12,0.5,,,,,,,,,,,,
K240-62,Pomc.Tmem215.Tcf7l2.Tbx3.HY1,K240,87,0.28,0.55,,,,,,,,,,,,10
K240-131,Trh.Otp.Crhbp.Sim1.Nrn1.HY2,K240,444,1.41,0.29,,,,,,,,,,,,
K240-165,Ebf1.Otp.Crhbp.Sim1.Nrn1.HY2,K240,37,0.12,0.27,,,,,,,,,,,,
K240-82,Pvalb.Meis2.Gad2.Arx.HY1,K240,72,0.23,0.54,,,,,,,,,,,,
K240-93,Pax6.Nfix.St18.Arx.HY1,K240,359,1.14,0.5,,,,,,,,,,,,213
K240-225,Pdgfra.Slc7a10.Sepp1.Pitx2.Foxb1.HY2,K240,2,0.01,0.06,,,,,,,,,,,,
K240-92,Gja1.Slc7a10.Sepp1.Pitx2.Foxb1.HY2,K240,20,0.06,0.42,,,,,,,,,,,,
K240-113,Lypd1.Six6.Onecut2.Gad2.Arx.HY1,K240,48,0.15,0.38,,,,,,,,,,,,
K240-200,Etv1.Six6.Onecut2.Gad2.Arx.HY1,K240,7,0.02,0.13,,,,,,,,,,,,
K240-81,Ebf3.Pou3f3.Sim1.Nrn1.HY2,K240,283,0.9,0.52,,,,,,,,,,,,156
K240-78,Vcan.Bcl11b.Il1rapl2.Otp.HY1,K240,132,0.42,0.52,,,,,,,,,,,,25
K240-24,Cck.Prokr2.Six6.HY1,K240,109,0.35,1.2,,,,,,,,,,,,
K240-41,Cpne9.Sall3.Pitx2.Foxb1.HY2,K240,1748,5.54,0.67,,,,,,,,,,,,630
K240-84,Qrfpr.Cd40.Fezf1.HY2,K240,193,0.61,0.5,,,,,,,,,,,,33
K240-135,Sox6.Adarb2.Gm28928.Hmx3.Hmx2.HY1,K240,131,0.42,0.33,,,,,,,,,,,,
K240-186,Cd24a.Adarb2.Gm28928.Hmx3.Hmx2.HY1,K240,125,0.4,0.19,,,,,,,,,,,,
K240-170,Samd3.Dmrta2.Meis2.Tbr1.Nrn1.HY2,K240,2,0.01,0.24,,,,,,,,,,,,
K240-53,Nts.Prok2.Hmx3.Hmx2.HY1,K240,39,0.12,0.49,,,,,,,,,,,,
K240-130,Ebf3.Gpr50.Pou3f3.Sim1.Nrn1.HY2,K240,91,0.29,0.34,,,,,,,,,,,,
K240-204,Cckar.Gpr50.Pou3f3.Sim1.Nrn1.HY2,K240,23,0.07,0.13,,,,,,,,,,,,
K240-68,Nfix.Nms.Six6.HY1,K240,212,0.67,0.6,,,,,,,,,,,,63
K240-195,Reln.Fbxw13.Sp9.Gad2.Arx.HY1,K240,6,0.02,0.16,,,,,,,,,,,,
K240-86,Nr4a2.Fbxw13.Sp9.Gad2.Arx.HY1,K240,2,0.01,0.5,,,,,,,,,,,,
K240-114,Crhbp.Crh.Lhx8.Arx.HY1,K240,4,0.01,0.42,,,,,,,,,,,,
K240-87,Nts.Hmx3.Hmx2.HY1,K240,58,0.18,0.49,,,,,,,,,,,,
K329-23,Mbnl3.Ghrh.Gsx1.Hmx2.HY1,K329,129,0.41,0.68,,,,,,,,,,,,
K329-40,Slc18a3.Ghrh.Gsx1.Hmx2.HY1,K329,307,0.97,0.62,,,,,,,,,,,,
K329-48,Igfbp4.Prokr2.Six6.HY1,K329,56,0.18,0.58,,,,,,,,,,,,
K329-154,Fam159b.Sox14.Foxg1.HY14.HY10.HY2,K329,2,0.01,0.28,,,,,,,,,,,,
K329-243,Tac2.Sox14.Foxg1.HY14.HY10.HY2,K329,2,0.01,0.14,,,,,,,,,,,,
K329-89,Rbms2.Fgf10.Gpr149.Cd40.Fezf1.HY2,K329,100,0.32,0.42,,,,,,,,,,,,
K329-92,Gm13481.Gldn.Cd40.Fezf1.HY2,K329,113,0.36,0.41,,,,,,,,,,,,
K329-75,Th.Gpc3.Sst.Il1rapl2.Otp.HY1,K329,71,0.22,0.46,,,,,,,,,,,,
K329-106,Crh.Lhx6.Arx.HY1,K329,3,0.01,0.39,,,,,,,,,,,,
K329-143,Gbx1.Sema3c.Lhx8.Lhx6.Arx.HY1,K329,74,0.23,0.34,,,,,,,,,,,,
K329-129,Cyp26a1.Sfrp1.Lhx8.Lhx6.Arx.HY1,K329,14,0.04,0.35,,,,,,,,,,,,
K329-86,Barhl2.Irx3.Pitx2.Tbr1.Nrn1.HY2,K329,293,0.93,0.41,,,,,,,,,,,,
K329-61,Ttn.Nfib.Nfix.Gad2.Arx.HY1,K329,197,0.62,0.4,,,,,,,,,,,,
K329-107,Nov.Vip.Six6.HY1,K329,9,0.03,0.35,,,,,,,,,,,,
K329-1,Cartpt.Anxa2.Pomc.Tcf7l2.Tbx3.HY1,K329,171,0.54,0.96,,,,,,,,,,,,
K329-102,Lhx9.Foxg1.HY14.HY10.HY2,K329,9,0.03,0.39,,,,,,,,,,,,
K329-97,Trp73.Pax6.Tbr1.Nrn1.HY2,K329,30,0.1,0.41,,,,,,,,,,,,
K329-98,C1ql3.Prokr2.Six6.HY1,K329,37,0.12,0.39,,,,,,,,,,,,
K329-110,Lypd1.Six6.Onecut2.Gad2.Arx.HY1,K329,48,0.15,0.38,,,,,,,,,,,,
K329-95,Crhbp.Crh.Lhx8.Arx.HY1,K329,4,0.01,0.41,,,,,,,,,,,,
K329-144,Cd36.Slc6a3.Irx3.Pitx2.Tbr1.Nrn1.HY2,K329,662,2.1,0.32,,,,,,,,,,,,
K329-265,Rxfp1.Slc6a3.Irx3.Pitx2.Tbr1.Nrn1.HY2,K329,138,0.44,0.07,,,,,,,,,,,,
K329-101,Mab21l2.Trh.Sim1.Nrn1.HY2,K329,87,0.28,0.38,,,,,,,,,,,,
K329-105,Fam159b.Adarb2.Onecut2.Gad2.Arx.HY1,K329,216,0.68,0.38,,,,,,,,,,,,
K329-233,Sox6.Tmem114.Lef1.Hmx2.HY1,K329,131,0.42,0.15,,,,,,,,,,,,
K329-4,Cd44.Nts.Ctxn3.Pitx2.Foxb1.HY2,K329,232,0.73,0.96,,,,,,,,,,,,
K329-194,Igfbp5.Tac2.Arx.Six6.HY1,K329,159,0.5,0.21,,,,,,,,,,,,
K329-237,Sst.Tac2.Arx.Six6.HY1,K329,29,0.09,0.15,,,,,,,,,,,,
K329-125,Gm20754.Nfib.Six3.Hmx2.HY1,K329,119,0.38,0.37,,,,,,,,,,,,20
K329-118,Nmu.Serpinb1b.Lhx8.Arx.HY1,K329,94,0.3,0.36,,,,,,,,,,,,2
K329-116,Npy2r.Gpr149.Cd40.Fezf1.HY2,K329,78,0.25,0.35,,,,,,,,,,,,
K329-120,Shox2.Tbr1.Nrn1.HY2,K329,97,0.31,0.36,,,,,,,,,,,,2
K329-130,Gsc.Otp.Ebf1.Sim1.Nrn1.HY2,K329,46,0.15,0.36,,,,,,,,,,,,
K329-123,C1ql1.Gng8.Samd3.Tbr1.Nrn1.HY2,K329,5,0.02,0.35,,,,,,,,,,,,
K329-142,C1ql3.Gal.Zic1.Hmx3.Hmx2.HY1,K329,13,0.04,0.33,,,,,,,,,,,,
K329-127,Hk2.HY14.HY10.HY2,K329,164,0.52,0.35,,,,,,,,,,,,43
K329-2,Crabp1.Tcf7l2.Tbx3.HY1,K329,387,1.23,0.93,,,,,,,,,,,,167
K329-132,Ebf3.Gpr50.Pou3f3.Sim1.Nrn1.HY2,K329,91,0.29,0.34,,,,,,,,,,,,
K329-138,Trh.Otp.Crhbp.Sim1.Nrn1.HY2,K329,444,1.41,0.29,,,,,,,,,,,,
K329-136,Prdm12.Slc30a3.Meis2.Gad2.Arx.HY1,K329,200,0.63,0.33,,,,,,,,,,,,
K329-133,Ebf1.Nkx2-4.Gsx1.Hmx2.HY1,K329,54,0.17,0.34,,,,,,,,,,,,
K329-140,Pmaip1.Nfix.Gad2.Arx.HY1,K329,29,0.09,0.32,,,,,,,,,,,,
K329-128,Sox6.Adarb2.Gm28928.Hmx3.Hmx2.HY1,K329,131,0.42,0.33,,,,,,,,,,,,
K329-153,Gm28928.Satb2.Adarb2.Cd40.Fezf1.HY2,K329,204,0.65,0.31,,,,,,,,,,,,
K329-141,Gpr50.Hmx3.Hmx2.HY1,K329,155,0.49,0.33,,,,,,,,,,,,
K329-108,Ntn1.Sfrp1.Lhx8.Lhx6.Arx.HY1,K329,5,0.02,0.36,,,,,,,,,,,,
K329-149,Nts.Npy.Otp.HY1,K329,228,0.72,0.31,,,,,,,,,,,,12
K329-24,Hydin.Hmcn2.Gpr149.Nr5a1.Cd40.Fezf1.HY2,K329,1176,3.73,0.7,,,,,,,,,,,,
K329-259,Adarb2.Hmcn2.Gpr149.Nr5a1.Cd40.Fezf1.HY2,K329,12,0.04,0.13,,,,,,,,,,,,
K329-157,Sncg.Trh.Sim1.Nrn1.HY2,K329,67,0.21,0.29,,,,,,,,,,,,
K329-147,Dlx1.Cck.Ppp1r17.Hmx2.HY1,K329,274,0.87,0.32,,,,,,,,,,,,
K329-165,Npas1.Sema3c.Lhx8.Lhx6.Arx.HY1,K329,8,0.03,0.29,,,,,,,,,,,,
K329-137,Gal.Gsx1.Hmx3.Hmx2.HY1,K329,49,0.16,0.31,,,,,,,,,,,,
K329-121,Pdzrn3.Alk.Epha6.Fezf1.HY2,K329,66,0.21,0.31,,,,,,,,,,,,
K329-158,Ebf3.Tbr1.Nrn1.HY2,K329,346,1.1,0.31,,,,,,,,,,,,325
K329-162,Nr4a3.C1ql2.Nr5a1.Cd40.Fezf1.HY2,K329,134,0.42,0.29,,,,,,,,,,,,
K329-231,Pax6.Meis2.St18.Arx.HY1,K329,4,0.01,0.16,,,,,,,,,,,,
K329-234,Sema3e.Meis2.St18.Arx.HY1,K329,15,0.05,0.16,,,,,,,,,,,,
K329-163,Qrfp.Lhx9.Rfx4.HY10.HY2,K329,95,0.3,0.3,,,,,,,,,,,,
K329-166,Fam19a4.Gbx1.Lhx8.Lhx6.Arx.HY1,K329,64,0.2,0.29,,,,,,,,,,,,
K329-236,Bhlhe22.Gbx1.Lhx8.Lhx6.Arx.HY1,K329,58,0.18,0.15,,,,,,,,,,,,
K329-27,Dkk2.Nms.Six6.HY1,K329,134,0.42,0.84,,,,,,,,,,,,2
K329-161,Slc10a4.Lhx8.Nfix.St18.Arx.HY1,K329,45,0.14,0.3,,,,,,,,,,,,
K329-172,Serpinf1.Serpinb1b.Lhx8.Arx.HY1,K329,20,0.06,0.29,,,,,,,,,,,,
K329-167,Crh.Eomes.Foxg1.HY14.HY10.HY2,K329,5,0.02,0.29,,,,,,,,,,,,
K329-169,Otp.Gm28928.Hmx3.Hmx2.HY1,K329,143,0.45,0.28,,,,,,,,,,,,
K329-189,Scn4b.Crhbp.Sim1.Nrn1.HY2,K329,13,0.04,0.22,,,,,,,,,,,,
K329-175,Tac2.Gad2.Arx.HY1,K329,28,0.09,0.29,,,,,,,,,,,,
K329-176,Nrn1.HY14.HY10.HY2,K329,80,0.25,0.27,,,,,,,,,,,,3
K329-212,Htr2c.Pmaip1.Zic1.Hmx3.Hmx2.HY1,K329,1,0,0.2,,,,,,,,,,,,
K329-185,Zfpm2.C1ql2.Nr5a1.Cd40.Fezf1.HY2,K329,17,0.05,0.23,,,,,,,,,,,,
K329-3,Sstr1.Sst.Il1rapl2.Otp.HY1,K329,250,0.79,0.87,,,,,,,,,,,,129
K329-177,Parpbp.Otx1.HY10.HY2,K329,131,0.42,0.27,,,,,,,,,,,,
K329-174,C1ql2.Eomes.Foxg1.HY14.HY10.HY2,K329,3,0.01,0.27,,,,,,,,,,,,
K329-180,Hcrt.Rfx4.HY10.HY2,K329,47,0.15,0.26,,,,,,,,,,,,
K329-227,Sp8.Slc30a3.Meis2.Gad2.Arx.HY1,K329,15,0.05,0.26,,,,,,,,,,,,
K329-173,Ebf1.Otp.Crhbp.Sim1.Nrn1.HY2,K329,37,0.12,0.27,,,,,,,,,,,,
K329-182,Sst.Nrn1.HY2,K329,53,0.17,0.26,,,,,,,,,,,,
K329-187,Smim3.Oxt,K329,107,0.34,0.25,,,,,,,,,,,,
K329-205,Sln.Tbr1.Nrn1.HY2,K329,6,0.02,0.25,,,,,,,,,,,,
K329-171,Crh.Gad2.Arx.HY1,K329,4,0.01,0.29,,,,,,,,,,,,
K329-188,Pdzrn3.Necab1.Satb2.Adarb2.Cd40.Fezf1.HY2,K329,91,0.29,0.25,,,,,,,,,,,,
K329-74,Setdb2.Necab1.Satb2.Adarb2.Cd40.Fezf1.HY2,K329,149,0.47,0.47,,,,,,,,,,,,
K329-196,Samd3.Dmrta2.Meis2.Tbr1.Nrn1.HY2,K329,2,0.01,0.24,,,,,,,,,,,,
K329-191,Ebf3.Crh.Pou3f3.Sim1.Nrn1.HY2,K329,27,0.09,0.24,,,,,,,,,,,,
K329-192,Pou6f2.Calca.Gad2.Arx.HY1,K329,14,0.04,0.23,,,,,,,,,,,,
K329-170,Satb2.Sp9.Gad2.Arx.HY1,K329,1,0,0.24,,,,,,,,,,,,
K329-199,Hdc.Prph.Lef1.Hmx2.HY1,K329,400,1.27,0.22,,,,,,,,,,,,
K329-210,Trh.Ppp1r17.Hmx2.HY1,K329,43,0.14,0.2,,,,,,,,,,,,
K329-200,Cntnap5b.SgcAlk.Epha6.Fezf1.HY2,K329,140,0.44,0.23,,,,,,,,,,,,
K329-213,Nts.Crh.Hmx3.Hmx2.HY1,K329,59,0.19,0.21,,,,,,,,,,,,
K329-13,Fam19a1.SgcAlk.Epha6.Fezf1.HY2,K329,103,0.33,0.87,,,,,,,,,,,,
K329-201,Gm8773.Prph.Lef1.Hmx2.HY1,K329,170,0.54,0.22,,,,,,,,,,,,
K329-204,Zfp804b.Gpc3.Sst.Il1rapl2.Otp.HY1,K329,36,0.11,0.21,,,,,,,,,,,,
K329-209,Tac2.Gal.Zic1.Hmx3.Hmx2.HY1,K329,28,0.09,0.21,,,,,,,,,,,,
K329-215,Nfix.Crh.Pou3f3.Sim1.Nrn1.HY2,K329,188,0.6,0.2,,,,,,,,,,,,
K329-214,Igfbp4.Lhx8.Nfix.St18.Arx.HY1,K329,7,0.02,0.2,,,,,,,,,,,,
K329-239,Mfge8.Nfib.Nfix.Gad2.Arx.HY1,K329,15,0.05,0.15,,,,,,,,,,,,
K329-220,Cd24a.Adarb2.Gm28928.Hmx3.Hmx2.HY1,K329,125,0.4,0.19,,,,,,,,,,,,
K329-224,Foxd2.Otx1.HY10.HY2,K329,109,0.35,0.18,,,,,,,,,,,,7
K329-221,Mab21l2.Pax6.Tbr1.Nrn1.HY2,K329,10,0.03,0.18,,,,,,,,,,,,
K329-211,Wnt2.Prok2.Tac1.Crym.Ppp1r1b.HY2,K329,1,0,0.21,,,,,,,,,,,,
K329-25,Crabp1.Sytl4.Tmem215.Tcf7l2.Tbx3.HY1,K329,239,0.76,0.68,,,,,,,,,,,,
K329-81,Gpr101.Sytl4.Tmem215.Tcf7l2.Tbx3.HY1,K329,369,1.17,0.43,,,,,,,,,,,,
K329-222,Th.Sema3a.Crh.Lhx8.Arx.HY1,K329,9,0.03,0.18,,,,,,,,,,,,
K329-195,Cenpf.SgcAlk.Epha6.Fezf1.HY2,K329,7,0.02,0.19,,,,,,,,,,,,
K329-223,Barhl1.Irx3.Pitx2.Tbr1.Nrn1.HY2,K329,86,0.27,0.18,,,,,,,,,,,,
K329-217,Vipr2.Grin2c.Nms.Six6.HY1,K329,2,0.01,0.18,,,,,,,,,,,,
K329-230,Reln.Fbxw13.Sp9.Gad2.Arx.HY1,K329,6,0.02,0.16,,,,,,,,,,,,
K329-232,Ermn.Mobp.Sepp1.Pitx2.Foxb1.HY2,K329,11,0.03,0.17,,,,,,,,,,,,
K329-228,Npvf.Lhx9.Rfx4.HY10.HY2,K329,73,0.23,0.17,,,,,,,,,,,,
K329-229,Gm37401.Fgf10.Gpr149.Cd40.Fezf1.HY2,K329,1,0,0.16,,,,,,,,,,,,
K329-29,Rxfp1.Tac2.Tbx3.HY1,K329,496,1.57,0.67,,,,,,,,,,,,
K329-72,Col24a1.Tac2.Tbx3.HY1,K329,48,0.15,0.46,,,,,,,,,,,,
K329-114,Lima1.Gm43122.Adarb2.Cd40.Fezf1.HY2,K329,38,0.12,0.39,,,,,,,,,,,,
K329-59,Gldn.Gm43122.Adarb2.Cd40.Fezf1.HY2,K329,124,0.39,0.52,,,,,,,,,,,,
K329-244,Etv1.Six6.Onecut2.Gad2.Arx.HY1,K329,7,0.02,0.13,,,,,,,,,,,,
K329-249,Lhx9.Gng8.Samd3.Tbr1.Nrn1.HY2,K329,2,0.01,0.13,,,,,,,,,,,,
K329-247,Foxb1.Pitx2.Tbr1.Nrn1.HY2,K329,55,0.17,0.13,,,,,,,,,,,,
K329-248,Pou6f2.Nts.Ctxn3.Pitx2.Foxb1.HY2,K329,66,0.21,0.13,,,,,,,,,,,,
K329-245,Cckar.Gpr50.Pou3f3.Sim1.Nrn1.HY2,K329,23,0.07,0.13,,,,,,,,,,,,
K329-253,Meis2.Gpc4.Calca.Gad2.Arx.HY1,K329,16,0.05,0.1,,,,,,,,,,,,
K329-242,Bcl11b.Anxa2.Pomc.Tcf7l2.Tbx3.HY1,K329,4,0.01,0.12,,,,,,,,,,,,
K329-255,Meis2.Prox1.Lhx8.Arx.HY1,K329,2,0.01,0.11,,,,,,,,,,,,
K329-256,Slc30a3.Sncg.Gad2.Arx.HY1,K329,10,0.03,0.1,,,,,,,,,,,,
K329-7,Prdm13.Foxp2.Ifi27l2a.Fezf1.HY2,K329,571,1.81,0.85,,,,,,,,,,,,274
K329-252,C1ql1.Gad2.Arx.HY1,K329,51,0.16,0.08,,,,,,,,,,,,
K329-260,Sox3.Il1rapl2.Epha6.Fezf1.HY2,K329,4,0.01,0.1,,,,,,,,,,,,
K329-261,Ucn3.Sim1.Nrn1.HY2,K329,8,0.03,0.09,,,,,,,,,,,,
K329-218,Myo1a.Pitx2.Foxb1.HY2,K329,134,0.42,0.08,,,,,,,,,,,,
K329-254,Foxp2.Crh.Lhx8.Arx.HY1,K329,11,0.03,0.07,,,,,,,,,,,,
K329-197,Dach1.Lef1.HY14.HY10.HY2,K329,78,0.25,0.23,,,,,,,,,,,,
K329-246,Prlh.Lef1.HY14.HY10.HY2,K329,9,0.03,0.13,,,,,,,,,,,,
K329-56,Spon1.Lef1.HY14.HY10.HY2,K329,469,1.49,0.55,,,,,,,,,,,,
K329-276,Meis2.Gsx1.Hmx3.Hmx2.HY1,K329,1,0,0.04,,,,,,,,,,,,
K329-275,Gnrh1,K329,11,0.03,0.05,,,,,,,,,,,,
K329-273,Pdgfra.Slc7a10.Sepp1.Pitx2.Foxb1.HY2,K329,2,0.01,0.06,,,,,,,,,,,,
K329-271,Pax6.Slc30a3.Meis2.Gad2.Arx.HY1,K329,1,0,0.05,,,,,,,,,,,,
K329-5,Ttr.Pomc.Tcf7l2.Tbx3.HY1,K329,249,0.79,0.85,,,,,,,,,,,,94
K329-32,C1ql3.Cck.Prokr2.Six6.HY1,K329,67,0.21,0.72,,,,,,,,,,,,
K329-45,Vipr2.Cck.Prokr2.Six6.HY1,K329,42,0.13,0.48,,,,,,,,,,,,
K329-14,Prok2.Vip.Six6.HY1,K329,63,0.2,0.8,,,,,,,,,,,,
K329-9,Crabp1.Nfib.Six3.Hmx2.HY1,K329,123,0.39,0.83,,,,,,,,,,,,
K329-20,Nfia.Slc17a8.Ifi27l2a.Fezf1.HY2,K329,627,1.99,0.8,,,,,,,,,,,,317
K329-12,Trh.Nkx2-4.Gsx1.Hmx2.HY1,K329,368,1.17,0.79,,,,,,,,,,,,175
K329-17,Gm30382.Il1rapl2.Epha6.Fezf1.HY2,K329,131,0.42,0.78,,,,,,,,,,,,80
K329-159,Arl4Meis2.Adora2a.Crym.Ppp1r1b.HY2,K329,3,0.01,0.29,,,,,,,,,,,,
K329-6,Penk.Meis2.Adora2a.Crym.Ppp1r1b.HY2,K329,84,0.27,0.85,,,,,,,,,,,,
K329-235,Th.Ebf3.Oxt,K329,14,0.04,0.17,,,,,,,,,,,,
K329-39,Avp.Ebf3.Oxt,K329,394,1.25,0.61,,,,,,,,,,,,
K329-19,Nfix.Fam159b.Satb2.HY1,K329,159,0.5,0.79,,,,,,,,,,,,13
K329-11,Sox6.Npy.Otp.HY1,K329,171,0.54,0.78,,,,,,,,,,,,
K329-73,Tcf7l2.Prkd1.Nr5a1.Cd40.Fezf1.HY2,K329,319,1.01,0.44,,,,,,,,,,,,
K329-93,Ror1.Prkd1.Nr5a1.Cd40.Fezf1.HY2,K329,162,0.51,0.39,,,,,,,,,,,,
K329-112,Egflam.Kirrel3.C1ql2.Epha6.Fezf1.HY2,K329,54,0.17,0.37,,,,,,,,,,,,
K329-126,Fam19a1.Kirrel3.C1ql2.Epha6.Fezf1.HY2,K329,207,0.66,0.31,,,,,,,,,,,,
K329-15,Sox14.Lef1.Hmx2.HY1,K329,620,1.96,0.77,,,,,,,,,,,,282
K329-16,Acvr1c.Gm8773.Agrp.Npy.Otp.HY1,K329,404,1.28,0.77,,,,,,,,,,,,
K329-206,Vgll2.Bace2.Tcf7l2.Tbx3.HY1,K329,112,0.35,0.22,,,,,,,,,,,,
K329-54,Gpc3.Bace2.Tcf7l2.Tbx3.HY1,K329,225,0.71,0.54,,,,,,,,,,,,
K329-21,Tmem215.St18.Arx.HY1,K329,32,0.1,0.75,,,,,,,,,,,,
K329-22,Grp.Cck.Ppp1r17.Hmx2.HY1,K329,535,1.69,0.72,,,,,,,,,,,,
K329-31,Grp.Vip.Cd24a.Six6.HY1,K329,191,0.61,0.67,,,,,,,,,,,,
K329-68,Npas4.Vip.Cd24a.Six6.HY1,K329,8,0.03,0.47,,,,,,,,,,,,
K329-186,Npnt.Prdm13.Slc17a8.Ifi27l2a.Fezf1.HY2,K329,147,0.47,0.24,,,,,,,,,,,,
K329-53,Cdkn1c.Prdm13.Slc17a8.Ifi27l2a.Fezf1.HY2,K329,243,0.77,0.53,,,,,,,,,,,,
K329-156,Tac2.Cpne9.Sall3.Pitx2.Foxb1.HY2,K329,582,1.84,0.28,,,,,,,,,,,,
K329-87,Pvalb.Cpne9.Sall3.Pitx2.Foxb1.HY2,K329,1166,3.69,0.39,,,,,,,,,,,,
K329-28,Pthlh.Bcl11b.Il1rapl2.Otp.HY1,K329,515,1.63,0.7,,,,,,,,,,,,384
K329-115,Nr4a2.Arhgap36.Gpc4.Calca.Gad2.Arx.HY1,K329,48,0.15,0.35,,,,,,,,,,,,
K329-90,Serpinb1b.Arhgap36.Gpc4.Calca.Gad2.Arx.HY1,K329,15,0.05,0.38,,,,,,,,,,,,
K329-33,Pmfbp1.Sncg.Gad2.Arx.HY1,K329,410,1.3,0.68,,,,,,,,,,,,
K329-193,Cck.Th.Prok2.Hmx3.Hmx2.HY1,K329,31,0.1,0.23,,,,,,,,,,,,
K329-77,Gal.Th.Prok2.Hmx3.Hmx2.HY1,K329,109,0.35,0.46,,,,,,,,,,,,
K329-88,Brs3.Th.Prok2.Hmx3.Hmx2.HY1,K329,12,0.04,0.17,,,,,,,,,,,,
K329-198,Drd2.Postn.Ctxn3.Pitx2.Foxb1.HY2,K329,14,0.04,0.23,,,,,,,,,,,,
K329-67,Nxph4.Postn.Ctxn3.Pitx2.Foxb1.HY2,K329,49,0.16,0.43,,,,,,,,,,,,
K329-190,Tnnt2.Cplx1.Gad2.Arx.HY1,K329,17,0.05,0.23,,,,,,,,,,,,
K329-65,C1ql2.Cplx1.Gad2.Arx.HY1,K329,130,0.41,0.52,,,,,,,,,,,,
K329-145,Mab21l1.Samd3.Meis2.Tbr1.Nrn1.HY2,K329,22,0.07,0.27,,,,,,,,,,,,
K329-83,Fst.Samd3.Meis2.Tbr1.Nrn1.HY2,K329,53,0.17,0.43,,,,,,,,,,,,
K329-38,Trh.Otp.Ebf1.Sim1.Nrn1.HY2,K329,254,0.8,0.68,,,,,,,,,,,,
K329-8,Prr5l.Vipr2.Prokr2.Six6.HY1,K329,114,0.36,1.04,,,,,,,,,,,,
K329-42,Penk.Arx.Six6.HY1,K329,167,0.53,0.63,,,,,,,,,,,,6
K329-30,Sst.Agrp.Npy.Otp.HY1,K329,75,0.24,0.66,,,,,,,,,,,,
K329-35,Nr5a2.Satb2.HY1,K329,156,0.49,0.63,,,,,,,,,,,,33
K329-155,Chodl.Nts.Prok2.Hmx3.Hmx2.HY1,K329,27,0.09,0.39,,,,,,,,,,,,
K329-269,Vip.Nts.Prok2.Hmx3.Hmx2.HY1,K329,12,0.04,0.1,,,,,,,,,,,,
K329-100,Ppp1r17.Grin2c.Nms.Six6.HY1,K329,96,0.3,0.62,,,,,,,,,,,,
K329-36,Gm28928.Pthlh.Six3.Hmx2.HY1,K329,451,1.43,0.62,,,,,,,,,,,,188
K329-37,Slc6a3.Fam159b.Satb2.HY1,K329,145,0.46,0.62,,,,,,,,,,,,7
K329-44,BC048546.Alk.Epha6.Fezf1.HY2,K329,74,0.23,0.6,,,,,,,,,,,,
K329-49,Crh.Prok2.Tac1.Crym.Ppp1r1b.HY2,K329,3,0.01,0.57,,,,,,,,,,,,
K329-134,Tac1.Tcf7l2.Tmem114.Lef1.Hmx2.HY1,K329,316,1,0.34,,,,,,,,,,,,
K329-183,Pou3f1.Tcf7l2.Tmem114.Lef1.Hmx2.HY1,K329,214,0.68,0.25,,,,,,,,,,,,
K329-148,Col19a1.Ttn.Sall3.Pitx2.Foxb1.HY2,K329,91,0.29,0.43,,,,,,,,,,,,
K329-18,Cck.Ttn.Sall3.Pitx2.Foxb1.HY2,K329,225,0.71,0.67,,,,,,,,,,,,
K329-46,Pmaip1.Gal.Zic1.Hmx3.Hmx2.HY1,K329,67,0.21,0.57,,,,,,,,,,,,
K329-50,Serpina3n.Agrp.Npy.Otp.HY1,K329,223,0.71,0.56,,,,,,,,,,,,254
K329-55,Pomc.Tmem215.Tcf7l2.Tbx3.HY1,K329,87,0.28,0.55,,,,,,,,,,,,10
K329-43,Serpina3n.Gm8773.Agrp.Npy.Otp.HY1,K329,3,0.01,0.58,,,,,,,,,,,,
K329-51,Esr1.Cd40.Fezf1.HY2,K329,8,0.03,0.56,,,,,,,,,,,,
K329-63,Pmaip1.Calca.Gad2.Arx.HY1,K329,88,0.28,0.56,,,,,,,,,,,,
K329-52,Gm37401.SgcAlk.Epha6.Fezf1.HY2,K329,4,0.01,0.51,,,,,,,,,,,,
K329-41,Nfix.Nms.Six6.HY1,K329,212,0.67,0.6,,,,,,,,,,,,63
K329-57,Crh.Gsx1.Hmx3.Hmx2.HY1,K329,169,0.54,0.56,,,,,,,,,,,,
K329-109,Cyr61.Meis2.Ppp1r1b.HY2,K329,2,0.01,0.37,,,,,,,,,,,,
K329-26,Shisa8.Meis2.Ppp1r1b.HY2,K329,30,0.1,0.69,,,,,,,,,,,,
K329-58,Dkk2.Ebf3.Foxb1.HY2,K329,285,0.9,0.54,,,,,,,,,,,,
K329-131,Ebf1.Cbln2.Trh.Sim1.Nrn1.HY2,K329,128,0.41,0.34,,,,,,,,,,,,
K329-216,Mfng.Cbln2.Trh.Sim1.Nrn1.HY2,K329,28,0.09,0.2,,,,,,,,,,,,
K329-60,Lmo3.Foxp2.Ifi27l2a.Fezf1.HY2,K329,188,0.6,0.57,,,,,,,,,,,,117
K329-64,Scn4b.Drd1.Tac1.Crym.Ppp1r1b.HY2,K329,31,0.1,0.47,,,,,,,,,,,,
K329-122,Cbln2.Pou6f2.Crhbp.Gad2.Arx.HY1,K329,114,0.36,0.34,,,,,,,,,,,,
K329-240,Nts.Pou6f2.Crhbp.Gad2.Arx.HY1,K329,204,0.65,0.21,,,,,,,,,,,,
K329-160,Col6a1.Meis2.Drd1.Tac1.Crym.Ppp1r1b.HY2,K329,40,0.13,0.23,,,,,,,,,,,,
K329-47,Zic1.Crhbp.Gad2.Arx.HY1,K329,93,0.29,0.53,,,,,,,,,,,,
K329-79,Penk.Tacr3.Adarb2.Onecut2.Gad2.Arx.HY1,K329,240,0.76,0.45,,,,,,,,,,,,
K329-66,Vcan.Bcl11b.Il1rapl2.Otp.HY1,K329,132,0.42,0.51,,,,,,,,,,,,25
K329-146,Npffr2.Bdnf.C1ql2.Epha6.Fezf1.HY2,K329,94,0.3,0.34,,,,,,,,,,,,
K329-179,Gpr149.Bdnf.C1ql2.Epha6.Fezf1.HY2,K329,26,0.08,0.25,,,,,,,,,,,,
K329-34,Gm20754.Col6a1.Nfib.Six3.Hmx2.HY1,K329,208,0.66,0.67,,,,,,,,,,,,
K329-84,Ltbp1.Col6a1.Nfib.Six3.Hmx2.HY1,K329,88,0.28,0.39,,,,,,,,,,,,
K329-117,Tpbg.Lhx1.Cd24a.Six6.HY1,K329,34,0.11,0.39,,,,,,,,,,,,
K329-139,Nms.Lhx1.Cd24a.Six6.HY1,K329,4,0.01,0.11,,,,,,,,,,,,
K329-113,Nxph4.Ebf3.Pou3f3.Sim1.Nrn1.HY2,K329,147,0.47,0.38,,,,,,,,,,,,
K329-241,Calca.Ebf3.Pou3f3.Sim1.Nrn1.HY2,K329,136,0.43,0.14,,,,,,,,,,,,
K329-124,Fign.Pvalb.Meis2.Gad2.Arx.HY1,K329,60,0.19,0.36,,,,,,,,,,,,
K329-207,Slc30a3.Pvalb.Meis2.Gad2.Arx.HY1,K329,12,0.04,0.15,,,,,,,,,,,,
K329-69,Gal.Crh.Hmx3.Hmx2.HY1,K329,94,0.3,0.51,,,,,,,,,,,,
K329-70,Qrfpr.Cd40.Fezf1.HY2,K329,193,0.61,0.5,,,,,,,,,,,,33
K329-71,Smim3.Gldn.Cd40.Fezf1.HY2,K329,39,0.12,0.48,,,,,,,,,,,,
K329-96,Sp8.Nr4a2.Fbxw13.Sp9.Gad2.Arx.HY1,K329,2,0.01,0.4,,,,,,,,,,,,
K329-99,Nts.Hmx3.Hmx2.HY1,K329,58,0.18,0.49,,,,,,,,,,,,
K329-111,Gm27032.Mobp.Sepp1.Pitx2.Foxb1.HY2,K329,130,0.41,0.45,,,,,,,,,,,,
K329-151,Nptx2.Megf11.Gpr149.Nr5a1.Cd40.Fezf1.HY2,K329,27,0.09,0.28,,,,,,,,,,,,
K329-10,Avp.Grin2c.Nms.Six6.HY1,K329,41,0.13,1.04,,,,,,,,,,,,
K329-150,Tac1.Gpc5.Fgf10.Gpr149.Cd40.Fezf1.HY2,K329,48,0.15,0.31,,,,,,,,,,,,
K329-250,Fam19a1.Gpc5.Fgf10.Gpr149.Cd40.Fezf1.HY2,K329,1399,4.43,0.11,,,,,,,,,,,,
K329-76,Emx2.Ebf3.Foxb1.HY2,K329,93,0.29,0.45,,,,,,,,,,,,
K329-80,Gja1.Slc7a10.Sepp1.Pitx2.Foxb1.HY2,K329,20,0.06,0.41,,,,,,,,,,,,
K329-82,Pax6.Nfix.St18.Arx.HY1,K329,359,1.14,0.5,,,,,,,,,,,,213
K329-78,Il1rapl2.Pthlh.Six3.Hmx2.HY1,K329,325,1.03,0.44,,,,,,,,,,,,124
K329-94,Pou3f1.Sema3a.Crh.Lhx8.Arx.HY1,K329,25,0.08,0.42,,,,,,,,,,,,
K329-164,Htr3a.Nfib.Nfix.Gad2.Arx.HY1,K329,25,0.08,0.42,,,,,,,,,,,,
K329-85,Prkd1.Gpr149.Nr5a1.Cd40.Fezf1.HY2,K329,5,0.02,0.4,,,,,,,,,,,,
K329-104,Fam81a.Prox1.Lhx8.Arx.HY1,K329,15,0.05,0.39,,,,,,,,,,,,
