assay,method,mixing_score,purity_score,reduction,ndim,features_ngenes
RNA,Raw,24.105,72.64,Raw_PCA..RNA..50..RNA.log.vst.split_Batch_ID.features.2500,50,2500
RNA,Raw,21.405,67.42,Raw_PCA..RNA..50..RNA.log.vst.split_Batch_ID.features.3000,50,3000
RNA,Raw,14.695,63.09,Raw_PCA..RNA..50..RNA.log.vst.split_Batch_ID.features.4000,50,4000
RNA,Raw,54.905,81.42,Raw_PCA..RNA..50..RNA.log.vst.split_Batch_ID.features.500,50,500
RNA,Raw,50.705,78.31,Raw_PCA..RNA..50..RNA.log.vst.split_Batch_ID.features.700,50,700
RNA,Raw,44.89,86.05,Raw_PCA..RNA..60..RNA.log.vst.split_Batch_ID.features.1000,60,1000
RNA,Raw,35.635,88.49,Raw_PCA..RNA..60..RNA.log.vst.split_Batch_ID.features.1500,60,1500
RNA,Raw,29.56,92.61,Raw_PCA..RNA..60..RNA.log.vst.split_Batch_ID.features.2000,60,2000
RNA,Raw,25.06,85.35,Raw_PCA..RNA..60..RNA.log.vst.split_Batch_ID.features.2500,60,2500
RNA,Raw,21.03,77.5,Raw_PCA..RNA..60..RNA.log.vst.split_Batch_ID.features.3000,60,3000
RNA,Raw,14.995,71.69,Raw_PCA..RNA..60..RNA.log.vst.split_Batch_ID.features.4000,60,4000
RNA,Raw,55.685,83.55,Raw_PCA..RNA..60..RNA.log.vst.split_Batch_ID.features.500,60,500
RNA,Raw,50.94,82.11,Raw_PCA..RNA..60..RNA.log.vst.split_Batch_ID.features.700,60,700
RNA,Raw,45.29,89.1,Raw_PCA..RNA..80..RNA.log.vst.split_Batch_ID.features.1000,80,1000
RNA,Raw,36.645,95.58,Raw_PCA..RNA..80..RNA.log.vst.split_Batch_ID.features.1500,80,1500
RNA,Raw,30.155,100,Raw_PCA..RNA..80..RNA.log.vst.split_Batch_ID.features.2000,80,2000
RNA,Raw,26.015,87.65,Raw_PCA..RNA..80..RNA.log.vst.split_Batch_ID.features.2500,80,2500
RNA,Raw,22.375,83.66,Raw_PCA..RNA..80..RNA.log.vst.split_Batch_ID.features.3000,80,3000
RNA,Raw,15.25,79.06,Raw_PCA..RNA..80..RNA.log.vst.split_Batch_ID.features.4000,80,4000
RNA,Raw,56.76,89.68,Raw_PCA..RNA..80..RNA.log.vst.split_Batch_ID.features.500,80,500
RNA,Raw,52.165,87.51,Raw_PCA..RNA..80..RNA.log.vst.split_Batch_ID.features.700,80,700
RNA,Scanorama,56.5,34,Scanorama_0_sigma15_alpha0.05_knn10_norm..RNA..features_RNA.log.vst.split_Batch_ID.features.1000_cecde2cad8cccbc897f0fc1f10ea35bd,,1000
RNA,Scanorama,50.89,21.16,Scanorama_0_sigma15_alpha0.05_knn10_norm..RNA..features_RNA.log.vst.split_Batch_ID.features.1500_cecde2cad8cccbc897f0fc1f10ea35bd,,1500
RNA,Scanorama,45.51,15.61,Scanorama_0_sigma15_alpha0.05_knn10_norm..RNA..features_RNA.log.vst.split_Batch_ID.features.2000_cecde2cad8cccbc897f0fc1f10ea35bd,,2000
RNA,Scanorama,33.99,3.16,Scanorama_0_sigma15_alpha0.05_knn10_norm..RNA..features_RNA.log.vst.split_Batch_ID.features.2500_cecde2cad8cccbc897f0fc1f10ea35bd,,2500
RNA,Scanorama,31.395,-0.92,Scanorama_0_sigma15_alpha0.05_knn10_norm..RNA..features_RNA.log.vst.split_Batch_ID.features.3000_cecde2cad8cccbc897f0fc1f10ea35bd,,3000
RNA,Scanorama,29.345,-9.04,Scanorama_0_sigma15_alpha0.05_knn10_norm..RNA..features_RNA.log.vst.split_Batch_ID.features.4000_cecde2cad8cccbc897f0fc1f10ea35bd,,4000
RNA,Scanorama,65.77,25.89,Scanorama_0_sigma15_alpha0.05_knn10_norm..RNA..features_RNA.log.vst.split_Batch_ID.features.500_cecde2cad8cccbc897f0fc1f10ea35bd,,500
RNA,Scanorama,63.485,25.46,Scanorama_0_sigma15_alpha0.05_knn10_norm..RNA..features_RNA.log.vst.split_Batch_ID.features.700_cecde2cad8cccbc897f0fc1f10ea35bd,,700
RNA,Scanorama,64.14,75.81,Scanorama_0_sigma15_alpha0.05_knn10_scale..RNA..features_RNA.log.vst.split_Batch_ID.features.1000_cecde2cad8cccbc897f0fc1f10ea35bd,,1000
RNA,Scanorama,55.88,74.59,Scanorama_0_sigma15_alpha0.05_knn10_scale..RNA..features_RNA.log.vst.split_Batch_ID.features.1500_cecde2cad8cccbc897f0fc1f10ea35bd,,1500
RNA,Scanorama,50.415,61.98,Scanorama_0_sigma15_alpha0.05_knn10_scale..RNA..features_RNA.log.vst.split_Batch_ID.features.2000_cecde2cad8cccbc897f0fc1f10ea35bd,,2000
RNA,Scanorama,48.71,55.71,Scanorama_0_sigma15_alpha0.05_knn10_scale..RNA..features_RNA.log.vst.split_Batch_ID.features.2500_cecde2cad8cccbc897f0fc1f10ea35bd,,2500
RNA,Scanorama,47.075,56.7,Scanorama_0_sigma15_alpha0.05_knn10_scale..RNA..features_RNA.log.vst.split_Batch_ID.features.3000_cecde2cad8cccbc897f0fc1f10ea35bd,,3000
RNA,Scanorama,34.58,48.73,Scanorama_0_sigma15_alpha0.05_knn10_scale..RNA..features_RNA.log.vst.split_Batch_ID.features.4000_cecde2cad8cccbc897f0fc1f10ea35bd,,4000
RNA,Scanorama,71.92,65.26,Scanorama_0_sigma15_alpha0.05_knn10_scale..RNA..features_RNA.log.vst.split_Batch_ID.features.500_cecde2cad8cccbc897f0fc1f10ea35bd,,500
RNA,Scanorama,67.865,67.14,Scanorama_0_sigma15_alpha0.05_knn10_scale..RNA..features_RNA.log.vst.split_Batch_ID.features.700_cecde2cad8cccbc897f0fc1f10ea35bd,,700
RNA,Scanorama,55.405,26.09,Scanorama_1_sigma50_alpha0.05_knn10_norm..RNA..features_RNA.log.vst.split_Batch_ID.features.1000_cecde2cad8cccbc897f0fc1f10ea35bd,,1000
RNA,Scanorama,50.05,22.84,Scanorama_1_sigma50_alpha0.05_knn10_norm..RNA..features_RNA.log.vst.split_Batch_ID.features.1500_cecde2cad8cccbc897f0fc1f10ea35bd,,1500
RNA,Scanorama,45.43,10.89,Scanorama_1_sigma50_alpha0.05_knn10_norm..RNA..features_RNA.log.vst.split_Batch_ID.features.2000_cecde2cad8cccbc897f0fc1f10ea35bd,,2000
RNA,Scanorama,34.12,2.34,Scanorama_1_sigma50_alpha0.05_knn10_norm..RNA..features_RNA.log.vst.split_Batch_ID.features.2500_cecde2cad8cccbc897f0fc1f10ea35bd,,2500
RNA,Scanorama,30.63,-1.67,Scanorama_1_sigma50_alpha0.05_knn10_norm..RNA..features_RNA.log.vst.split_Batch_ID.features.3000_cecde2cad8cccbc897f0fc1f10ea35bd,,3000
RNA,Scanorama,29.495,-10.01,Scanorama_1_sigma50_alpha0.05_knn10_norm..RNA..features_RNA.log.vst.split_Batch_ID.features.4000_cecde2cad8cccbc897f0fc1f10ea35bd,,4000
RNA,Scanorama,64.66,23.45,Scanorama_1_sigma50_alpha0.05_knn10_norm..RNA..features_RNA.log.vst.split_Batch_ID.features.500_cecde2cad8cccbc897f0fc1f10ea35bd,,500
RNA,Scanorama,63.2,24.1,Scanorama_1_sigma50_alpha0.05_knn10_norm..RNA..features_RNA.log.vst.split_Batch_ID.features.700_cecde2cad8cccbc897f0fc1f10ea35bd,,700
RNA,Scanorama,63.45,70.08,Scanorama_1_sigma50_alpha0.05_knn10_scale..RNA..features_RNA.log.vst.split_Batch_ID.features.1000_cecde2cad8cccbc897f0fc1f10ea35bd,,1000
RNA,Scanorama,54.42,77.2,Scanorama_1_sigma50_alpha0.05_knn10_scale..RNA..features_RNA.log.vst.split_Batch_ID.features.1500_cecde2cad8cccbc897f0fc1f10ea35bd,,1500
RNA,Scanorama,49.335,60.42,Scanorama_1_sigma50_alpha0.05_knn10_scale..RNA..features_RNA.log.vst.split_Batch_ID.features.2000_cecde2cad8cccbc897f0fc1f10ea35bd,,2000
RNA,Scanorama,47.25,52.73,Scanorama_1_sigma50_alpha0.05_knn10_scale..RNA..features_RNA.log.vst.split_Batch_ID.features.2500_cecde2cad8cccbc897f0fc1f10ea35bd,,2500
RNA,Scanorama,46.905,53.55,Scanorama_1_sigma50_alpha0.05_knn10_scale..RNA..features_RNA.log.vst.split_Batch_ID.features.3000_cecde2cad8cccbc897f0fc1f10ea35bd,,3000
RNA,Scanorama,58.835,65.99,Scanorama_6_sigma15_alpha0.05_knn10_norm..RNA..features_RNA.log.vst.split_Batch_ID.features.1000_cecde2cad8cccbc897f0fc1f10ea35bd,,1000
RNA,Scanorama,54.515,62.59,Scanorama_6_sigma15_alpha0.05_knn10_norm..RNA..features_RNA.log.vst.split_Batch_ID.features.1500_cecde2cad8cccbc897f0fc1f10ea35bd,,1500
RNA,Scanorama,47.96,47.57,Scanorama_6_sigma15_alpha0.05_knn10_norm..RNA..features_RNA.log.vst.split_Batch_ID.features.2000_cecde2cad8cccbc897f0fc1f10ea35bd,,2000
RNA,Scanorama,38.14,38.17,Scanorama_6_sigma15_alpha0.05_knn10_norm..RNA..features_RNA.log.vst.split_Batch_ID.features.2500_cecde2cad8cccbc897f0fc1f10ea35bd,,2500
RNA,Scanorama,36.72,32.4,Scanorama_6_sigma15_alpha0.05_knn10_norm..RNA..features_RNA.log.vst.split_Batch_ID.features.3000_cecde2cad8cccbc897f0fc1f10ea35bd,,3000
RNA,Scanorama,34.095,21.58,Scanorama_6_sigma15_alpha0.05_knn10_norm..RNA..features_RNA.log.vst.split_Batch_ID.features.4000_cecde2cad8cccbc897f0fc1f10ea35bd,,4000
RNA,Scanorama,68.23,53.4,Scanorama_6_sigma15_alpha0.05_knn10_norm..RNA..features_RNA.log.vst.split_Batch_ID.features.500_cecde2cad8cccbc897f0fc1f10ea35bd,,500
RNA,Scanorama,64.055,68.91,Scanorama_6_sigma15_alpha0.05_knn10_norm..RNA..features_RNA.log.vst.split_Batch_ID.features.700_cecde2cad8cccbc897f0fc1f10ea35bd,,700
RNA,Scanorama,63.04,90,Scanorama_6_sigma15_alpha0.05_knn10_scale..RNA..features_RNA.log.vst.split_Batch_ID.features.1000_cecde2cad8cccbc897f0fc1f10ea35bd,,1000
RNA,Scanorama,56.025,98.06,Scanorama_6_sigma15_alpha0.05_knn10_scale..RNA..features_RNA.log.vst.split_Batch_ID.features.1500_cecde2cad8cccbc897f0fc1f10ea35bd,,1500
RNA,Scanorama,52.135,90.94,Scanorama_6_sigma15_alpha0.05_knn10_scale..RNA..features_RNA.log.vst.split_Batch_ID.features.2000_cecde2cad8cccbc897f0fc1f10ea35bd,,2000
RNA,Scanorama,51.02,90.64,Scanorama_6_sigma15_alpha0.05_knn10_scale..RNA..features_RNA.log.vst.split_Batch_ID.features.2500_cecde2cad8cccbc897f0fc1f10ea35bd,,2500
RNA,Scanorama,49.35,81.22,Scanorama_6_sigma15_alpha0.05_knn10_scale..RNA..features_RNA.log.vst.split_Batch_ID.features.3000_cecde2cad8cccbc897f0fc1f10ea35bd,,3000
RNA,Scanorama,43.44,73.38,Scanorama_6_sigma15_alpha0.05_knn10_scale..RNA..features_RNA.log.vst.split_Batch_ID.features.4000_cecde2cad8cccbc897f0fc1f10ea35bd,,4000
RNA,Scanorama,70.57,84.84,Scanorama_6_sigma15_alpha0.05_knn10_scale..RNA..features_RNA.log.vst.split_Batch_ID.features.500_cecde2cad8cccbc897f0fc1f10ea35bd,,500
RNA,Scanorama,66.83,76.87,Scanorama_6_sigma15_alpha0.05_knn10_scale..RNA..features_RNA.log.vst.split_Batch_ID.features.700_cecde2cad8cccbc897f0fc1f10ea35bd,,700
RNA,Scanorama,57.49,58.42,Scanorama_7_sigma50_alpha0.05_knn10_norm..RNA..features_RNA.log.vst.split_Batch_ID.features.1000_cecde2cad8cccbc897f0fc1f10ea35bd,,1000
RNA,Scanorama,54.375,62.69,Scanorama_7_sigma50_alpha0.05_knn10_norm..RNA..features_RNA.log.vst.split_Batch_ID.features.1500_cecde2cad8cccbc897f0fc1f10ea35bd,,1500
RNA,Scanorama,46.975,46.13,Scanorama_7_sigma50_alpha0.05_knn10_norm..RNA..features_RNA.log.vst.split_Batch_ID.features.2000_cecde2cad8cccbc897f0fc1f10ea35bd,,2000
RNA,Scanorama,38.16,39.76,Scanorama_7_sigma50_alpha0.05_knn10_norm..RNA..features_RNA.log.vst.split_Batch_ID.features.2500_cecde2cad8cccbc897f0fc1f10ea35bd,,2500
RNA,Scanorama,37.205,32.05,Scanorama_7_sigma50_alpha0.05_knn10_norm..RNA..features_RNA.log.vst.split_Batch_ID.features.3000_cecde2cad8cccbc897f0fc1f10ea35bd,,3000
RNA,Scanorama,35.625,19.91,Scanorama_7_sigma50_alpha0.05_knn10_norm..RNA..features_RNA.log.vst.split_Batch_ID.features.4000_cecde2cad8cccbc897f0fc1f10ea35bd,,4000
RNA,Scanorama,66.3,37.59,Scanorama_7_sigma50_alpha0.05_knn10_norm..RNA..features_RNA.log.vst.split_Batch_ID.features.500_cecde2cad8cccbc897f0fc1f10ea35bd,,500
RNA,Scanorama,63.32,50.93,Scanorama_7_sigma50_alpha0.05_knn10_norm..RNA..features_RNA.log.vst.split_Batch_ID.features.700_cecde2cad8cccbc897f0fc1f10ea35bd,,700
RNA,Scanorama,62.04,87.22,Scanorama_7_sigma50_alpha0.05_knn10_scale..RNA..features_RNA.log.vst.split_Batch_ID.features.1000_cecde2cad8cccbc897f0fc1f10ea35bd,,1000
RNA,Scanorama,54.915,98.08,Scanorama_7_sigma50_alpha0.05_knn10_scale..RNA..features_RNA.log.vst.split_Batch_ID.features.1500_cecde2cad8cccbc897f0fc1f10ea35bd,,1500
RNA,Scanorama,51.475,90.82,Scanorama_7_sigma50_alpha0.05_knn10_scale..RNA..features_RNA.log.vst.split_Batch_ID.features.2000_cecde2cad8cccbc897f0fc1f10ea35bd,,2000
RNA,Scanorama,49.66,80.47,Scanorama_7_sigma50_alpha0.05_knn10_scale..RNA..features_RNA.log.vst.split_Batch_ID.features.2500_cecde2cad8cccbc897f0fc1f10ea35bd,,2500
RNA,Scanorama,49.13,75.88,Scanorama_7_sigma50_alpha0.05_knn10_scale..RNA..features_RNA.log.vst.split_Batch_ID.features.3000_cecde2cad8cccbc897f0fc1f10ea35bd,,3000
RNA,Scanorama,45.71,70.55,Scanorama_7_sigma50_alpha0.05_knn10_scale..RNA..features_RNA.log.vst.split_Batch_ID.features.4000_cecde2cad8cccbc897f0fc1f10ea35bd,,4000
RNA,Scanorama,65.32,71.78,Scanorama_7_sigma50_alpha0.05_knn10_scale..RNA..features_RNA.log.vst.split_Batch_ID.features.500_cecde2cad8cccbc897f0fc1f10ea35bd,,500
RNA,Scanorama,63.255,73.19,Scanorama_7_sigma50_alpha0.05_knn10_scale..RNA..features_RNA.log.vst.split_Batch_ID.features.700_cecde2cad8cccbc897f0fc1f10ea35bd,,700
RNA,Scanorama,61.315,67.92,Scanorama_8_sigma15_alpha0.05_knn20_norm..RNA..features_RNA.log.vst.split_Batch_ID.features.1000_cecde2cad8cccbc897f0fc1f10ea35bd,,1000
RNA,Scanorama,57.2,62.89,Scanorama_8_sigma15_alpha0.05_knn20_norm..RNA..features_RNA.log.vst.split_Batch_ID.features.1500_cecde2cad8cccbc897f0fc1f10ea35bd,,1500
RNA,Scanorama,51.02,51.33,Scanorama_8_sigma15_alpha0.05_knn20_norm..RNA..features_RNA.log.vst.split_Batch_ID.features.2000_cecde2cad8cccbc897f0fc1f10ea35bd,,2000
RNA,Scanorama,38.95,40.48,Scanorama_8_sigma15_alpha0.05_knn20_norm..RNA..features_RNA.log.vst.split_Batch_ID.features.2500_cecde2cad8cccbc897f0fc1f10ea35bd,,2500
RNA,Scanorama,37.63,32.24,Scanorama_8_sigma15_alpha0.05_knn20_norm..RNA..features_RNA.log.vst.split_Batch_ID.features.3000_cecde2cad8cccbc897f0fc1f10ea35bd,,3000
RNA,Scanorama,36.23,22.33,Scanorama_8_sigma15_alpha0.05_knn20_norm..RNA..features_RNA.log.vst.split_Batch_ID.features.4000_cecde2cad8cccbc897f0fc1f10ea35bd,,4000
RNA,Scanorama,67.36,48.17,Scanorama_8_sigma15_alpha0.05_knn20_norm..RNA..features_RNA.log.vst.split_Batch_ID.features.500_cecde2cad8cccbc897f0fc1f10ea35bd,,500
RNA,Scanorama,65.395,66.17,Scanorama_8_sigma15_alpha0.05_knn20_norm..RNA..features_RNA.log.vst.split_Batch_ID.features.700_cecde2cad8cccbc897f0fc1f10ea35bd,,700
RNA,Scanorama,63.64,88.58,Scanorama_8_sigma15_alpha0.05_knn20_scale..RNA..features_RNA.log.vst.split_Batch_ID.features.1000_cecde2cad8cccbc897f0fc1f10ea35bd,,1000
RNA,Scanorama,57.845,98.81,Scanorama_8_sigma15_alpha0.05_knn20_scale..RNA..features_RNA.log.vst.split_Batch_ID.features.1500_cecde2cad8cccbc897f0fc1f10ea35bd,,1500
RNA,Scanorama,54.365,93.75,Scanorama_8_sigma15_alpha0.05_knn20_scale..RNA..features_RNA.log.vst.split_Batch_ID.features.2000_cecde2cad8cccbc897f0fc1f10ea35bd,,2000
RNA,Scanorama,52.71,92.55,Scanorama_8_sigma15_alpha0.05_knn20_scale..RNA..features_RNA.log.vst.split_Batch_ID.features.2500_cecde2cad8cccbc897f0fc1f10ea35bd,,2500
RNA,Scanorama,51.21,82.3,Scanorama_8_sigma15_alpha0.05_knn20_scale..RNA..features_RNA.log.vst.split_Batch_ID.features.3000_cecde2cad8cccbc897f0fc1f10ea35bd,,3000
RNA,Scanorama,46.065,75.35,Scanorama_8_sigma15_alpha0.05_knn20_scale..RNA..features_RNA.log.vst.split_Batch_ID.features.4000_cecde2cad8cccbc897f0fc1f10ea35bd,,4000
RNA,Scanorama,73.03,85.19,Scanorama_8_sigma15_alpha0.05_knn20_scale..RNA..features_RNA.log.vst.split_Batch_ID.features.500_cecde2cad8cccbc897f0fc1f10ea35bd,,500
RNA,Scanorama,67.74,78.17,Scanorama_8_sigma15_alpha0.05_knn20_scale..RNA..features_RNA.log.vst.split_Batch_ID.features.700_cecde2cad8cccbc897f0fc1f10ea35bd,,700
RNA,Scanorama,61.32,63.99,Scanorama_9_sigma50_alpha0.05_knn20_norm..RNA..features_RNA.log.vst.split_Batch_ID.features.1000_cecde2cad8cccbc897f0fc1f10ea35bd,,1000
RNA,Scanorama,56.415,63.24,Scanorama_9_sigma50_alpha0.05_knn20_norm..RNA..features_RNA.log.vst.split_Batch_ID.features.1500_cecde2cad8cccbc897f0fc1f10ea35bd,,1500
RNA,Scanorama,68.765,67.4,Scanorama_2_sigma15_alpha0.05_knn20_scale..RNA..features_RNA.log.vst.split_Batch_ID.features.700_cecde2cad8cccbc897f0fc1f10ea35bd,,700
RNA,Scanorama,59.215,30.23,Scanorama_3_sigma50_alpha0.05_knn20_norm..RNA..features_RNA.log.vst.split_Batch_ID.features.1000_cecde2cad8cccbc897f0fc1f10ea35bd,,1000
RNA,Scanorama,52.26,23.48,Scanorama_3_sigma50_alpha0.05_knn20_norm..RNA..features_RNA.log.vst.split_Batch_ID.features.1500_cecde2cad8cccbc897f0fc1f10ea35bd,,1500
RNA,Scanorama,48.38,12.36,Scanorama_3_sigma50_alpha0.05_knn20_norm..RNA..features_RNA.log.vst.split_Batch_ID.features.2000_cecde2cad8cccbc897f0fc1f10ea35bd,,2000
RNA,Scanorama,34.56,2.74,Scanorama_3_sigma50_alpha0.05_knn20_norm..RNA..features_RNA.log.vst.split_Batch_ID.features.2500_cecde2cad8cccbc897f0fc1f10ea35bd,,2500
RNA,Scanorama,33.595,-1.86,Scanorama_3_sigma50_alpha0.05_knn20_norm..RNA..features_RNA.log.vst.split_Batch_ID.features.3000_cecde2cad8cccbc897f0fc1f10ea35bd,,3000
RNA,Scanorama,31.505,-9.98,Scanorama_3_sigma50_alpha0.05_knn20_norm..RNA..features_RNA.log.vst.split_Batch_ID.features.4000_cecde2cad8cccbc897f0fc1f10ea35bd,,4000
RNA,Scanorama,69.945,18.12,Scanorama_3_sigma50_alpha0.05_knn20_norm..RNA..features_RNA.log.vst.split_Batch_ID.features.500_cecde2cad8cccbc897f0fc1f10ea35bd,,500
RNA,Scanorama,64.84,28.88,Scanorama_3_sigma50_alpha0.05_knn20_norm..RNA..features_RNA.log.vst.split_Batch_ID.features.700_cecde2cad8cccbc897f0fc1f10ea35bd,,700
RNA,Scanorama,66.265,72.65,Scanorama_3_sigma50_alpha0.05_knn20_scale..RNA..features_RNA.log.vst.split_Batch_ID.features.1000_cecde2cad8cccbc897f0fc1f10ea35bd,,1000
RNA,Scanorama,56.68,85.21,Scanorama_3_sigma50_alpha0.05_knn20_scale..RNA..features_RNA.log.vst.split_Batch_ID.features.1500_cecde2cad8cccbc897f0fc1f10ea35bd,,1500
RNA,Scanorama,53.475,66.51,Scanorama_3_sigma50_alpha0.05_knn20_scale..RNA..features_RNA.log.vst.split_Batch_ID.features.2000_cecde2cad8cccbc897f0fc1f10ea35bd,,2000
RNA,Scanorama,49.195,58.67,Scanorama_3_sigma50_alpha0.05_knn20_scale..RNA..features_RNA.log.vst.split_Batch_ID.features.2500_cecde2cad8cccbc897f0fc1f10ea35bd,,2500
RNA,Scanorama,49.21,56.19,Scanorama_3_sigma50_alpha0.05_knn20_scale..RNA..features_RNA.log.vst.split_Batch_ID.features.3000_cecde2cad8cccbc897f0fc1f10ea35bd,,3000
RNA,Scanorama,38.21,49.74,Scanorama_3_sigma50_alpha0.05_knn20_scale..RNA..features_RNA.log.vst.split_Batch_ID.features.4000_cecde2cad8cccbc897f0fc1f10ea35bd,,4000
RNA,Scanorama,73.275,63.16,Scanorama_3_sigma50_alpha0.05_knn20_scale..RNA..features_RNA.log.vst.split_Batch_ID.features.500_cecde2cad8cccbc897f0fc1f10ea35bd,,500
RNA,Scanorama,69.335,64.48,Scanorama_3_sigma50_alpha0.05_knn20_scale..RNA..features_RNA.log.vst.split_Batch_ID.features.700_cecde2cad8cccbc897f0fc1f10ea35bd,,700
RNA,Scanorama,62.2,34.96,Scanorama_4_sigma15_alpha0.05_knn30_norm..RNA..features_RNA.log.vst.split_Batch_ID.features.1000_cecde2cad8cccbc897f0fc1f10ea35bd,,1000
RNA,Scanorama,53.92,22.53,Scanorama_4_sigma15_alpha0.05_knn30_norm..RNA..features_RNA.log.vst.split_Batch_ID.features.1500_cecde2cad8cccbc897f0fc1f10ea35bd,,1500
RNA,Scanorama,48.98,20.38,Scanorama_4_sigma15_alpha0.05_knn30_norm..RNA..features_RNA.log.vst.split_Batch_ID.features.2000_cecde2cad8cccbc897f0fc1f10ea35bd,,2000
RNA,Scanorama,44.21,6.43,Scanorama_4_sigma15_alpha0.05_knn30_norm..RNA..features_RNA.log.vst.split_Batch_ID.features.2500_cecde2cad8cccbc897f0fc1f10ea35bd,,2500
RNA,Scanorama,34.06,-1.15,Scanorama_4_sigma15_alpha0.05_knn30_norm..RNA..features_RNA.log.vst.split_Batch_ID.features.3000_cecde2cad8cccbc897f0fc1f10ea35bd,,3000
RNA,Scanorama,31.775,-8.36,Scanorama_4_sigma15_alpha0.05_knn30_norm..RNA..features_RNA.log.vst.split_Batch_ID.features.4000_cecde2cad8cccbc897f0fc1f10ea35bd,,4000
RNA,Scanorama,70.87,24.79,Scanorama_4_sigma15_alpha0.05_knn30_norm..RNA..features_RNA.log.vst.split_Batch_ID.features.500_cecde2cad8cccbc897f0fc1f10ea35bd,,500
RNA,Scanorama,65.78,33.28,Scanorama_4_sigma15_alpha0.05_knn30_norm..RNA..features_RNA.log.vst.split_Batch_ID.features.700_cecde2cad8cccbc897f0fc1f10ea35bd,,700
RNA,Scanorama,66.815,74.63,Scanorama_4_sigma15_alpha0.05_knn30_scale..RNA..features_RNA.log.vst.split_Batch_ID.features.1000_cecde2cad8cccbc897f0fc1f10ea35bd,,1000
RNA,Scanorama,57.935,80,Scanorama_4_sigma15_alpha0.05_knn30_scale..RNA..features_RNA.log.vst.split_Batch_ID.features.1500_cecde2cad8cccbc897f0fc1f10ea35bd,,1500
RNA,Scanorama,53.46,64.62,Scanorama_4_sigma15_alpha0.05_knn30_scale..RNA..features_RNA.log.vst.split_Batch_ID.features.2000_cecde2cad8cccbc897f0fc1f10ea35bd,,2000
RNA,Scanorama,51.225,60.57,Scanorama_4_sigma15_alpha0.05_knn30_scale..RNA..features_RNA.log.vst.split_Batch_ID.features.2500_cecde2cad8cccbc897f0fc1f10ea35bd,,2500
RNA,Scanorama,49.305,57.35,Scanorama_4_sigma15_alpha0.05_knn30_scale..RNA..features_RNA.log.vst.split_Batch_ID.features.3000_cecde2cad8cccbc897f0fc1f10ea35bd,,3000
RNA,Scanorama,35.61,48.7,Scanorama_4_sigma15_alpha0.05_knn30_scale..RNA..features_RNA.log.vst.split_Batch_ID.features.4000_cecde2cad8cccbc897f0fc1f10ea35bd,,4000
RNA,Scanorama,74.34,64.27,Scanorama_4_sigma15_alpha0.05_knn30_scale..RNA..features_RNA.log.vst.split_Batch_ID.features.500_cecde2cad8cccbc897f0fc1f10ea35bd,,500
RNA,Scanorama,69.895,68.89,Scanorama_4_sigma15_alpha0.05_knn30_scale..RNA..features_RNA.log.vst.split_Batch_ID.features.700_cecde2cad8cccbc897f0fc1f10ea35bd,,700
RNA,Scanorama,62.71,32.4,Scanorama_5_sigma50_alpha0.05_knn30_norm..RNA..features_RNA.log.vst.split_Batch_ID.features.1000_cecde2cad8cccbc897f0fc1f10ea35bd,,1000
RNA,Scanorama,53.115,23.59,Scanorama_5_sigma50_alpha0.05_knn30_norm..RNA..features_RNA.log.vst.split_Batch_ID.features.1500_cecde2cad8cccbc897f0fc1f10ea35bd,,1500
RNA,Scanorama,49.13,15.32,Scanorama_5_sigma50_alpha0.05_knn30_norm..RNA..features_RNA.log.vst.split_Batch_ID.features.2000_cecde2cad8cccbc897f0fc1f10ea35bd,,2000
RNA,Scanorama,43.575,5.1,Scanorama_5_sigma50_alpha0.05_knn30_norm..RNA..features_RNA.log.vst.split_Batch_ID.features.2500_cecde2cad8cccbc897f0fc1f10ea35bd,,2500
RNA,Scanorama,34.2,-1.25,Scanorama_5_sigma50_alpha0.05_knn30_norm..RNA..features_RNA.log.vst.split_Batch_ID.features.3000_cecde2cad8cccbc897f0fc1f10ea35bd,,3000
RNA,Scanorama,32.945,-9.94,Scanorama_5_sigma50_alpha0.05_knn30_norm..RNA..features_RNA.log.vst.split_Batch_ID.features.4000_cecde2cad8cccbc897f0fc1f10ea35bd,,4000
RNA,Scanorama,71.165,17.36,Scanorama_5_sigma50_alpha0.05_knn30_norm..RNA..features_RNA.log.vst.split_Batch_ID.features.500_cecde2cad8cccbc897f0fc1f10ea35bd,,500
RNA,Scanorama,66.5,26.8,Scanorama_5_sigma50_alpha0.05_knn30_norm..RNA..features_RNA.log.vst.split_Batch_ID.features.700_cecde2cad8cccbc897f0fc1f10ea35bd,,700
RNA,Scanorama,67.64,70.37,Scanorama_5_sigma50_alpha0.05_knn30_scale..RNA..features_RNA.log.vst.split_Batch_ID.features.1000_cecde2cad8cccbc897f0fc1f10ea35bd,,1000
RNA,Scanorama,58.32,86.65,Scanorama_5_sigma50_alpha0.05_knn30_scale..RNA..features_RNA.log.vst.split_Batch_ID.features.1500_cecde2cad8cccbc897f0fc1f10ea35bd,,1500
RNA,Scanorama,54.26,66.24,Scanorama_5_sigma50_alpha0.05_knn30_scale..RNA..features_RNA.log.vst.split_Batch_ID.features.2000_cecde2cad8cccbc897f0fc1f10ea35bd,,2000
RNA,Scanorama,51.62,59.04,Scanorama_5_sigma50_alpha0.05_knn30_scale..RNA..features_RNA.log.vst.split_Batch_ID.features.2500_cecde2cad8cccbc897f0fc1f10ea35bd,,2500
RNA,Scanorama,51.54,55.63,Scanorama_5_sigma50_alpha0.05_knn30_scale..RNA..features_RNA.log.vst.split_Batch_ID.features.3000_cecde2cad8cccbc897f0fc1f10ea35bd,,3000
RNA,Scanorama,36.64,47.11,Scanorama_5_sigma50_alpha0.05_knn30_scale..RNA..features_RNA.log.vst.split_Batch_ID.features.4000_cecde2cad8cccbc897f0fc1f10ea35bd,,4000
RNA,Scanorama,74.805,58.65,Scanorama_5_sigma50_alpha0.05_knn30_scale..RNA..features_RNA.log.vst.split_Batch_ID.features.500_cecde2cad8cccbc897f0fc1f10ea35bd,,500
RNA,Scanorama,71.045,63.47,Scanorama_5_sigma50_alpha0.05_knn30_scale..RNA..features_RNA.log.vst.split_Batch_ID.features.700_cecde2cad8cccbc897f0fc1f10ea35bd,,700
RNA,Scanorama,37.565,48.29,Scanorama_1_sigma50_alpha0.05_knn10_scale..RNA..features_RNA.log.vst.split_Batch_ID.features.4000_cecde2cad8cccbc897f0fc1f10ea35bd,,4000
RNA,Scanorama,70.935,63.16,Scanorama_1_sigma50_alpha0.05_knn10_scale..RNA..features_RNA.log.vst.split_Batch_ID.features.500_cecde2cad8cccbc897f0fc1f10ea35bd,,500
RNA,Scanorama,66.955,67.17,Scanorama_1_sigma50_alpha0.05_knn10_scale..RNA..features_RNA.log.vst.split_Batch_ID.features.700_cecde2cad8cccbc897f0fc1f10ea35bd,,700
RNA,Scanorama,61.17,65.34,Scanorama_10_sigma15_alpha0.05_knn30_norm..RNA..features_RNA.log.vst.split_Batch_ID.features.1000_cecde2cad8cccbc897f0fc1f10ea35bd,,1000
RNA,Scanorama,58.015,62.79,Scanorama_10_sigma15_alpha0.05_knn30_norm..RNA..features_RNA.log.vst.split_Batch_ID.features.1500_cecde2cad8cccbc897f0fc1f10ea35bd,,1500
RNA,Scanorama,52.38,52.05,Scanorama_10_sigma15_alpha0.05_knn30_norm..RNA..features_RNA.log.vst.split_Batch_ID.features.2000_cecde2cad8cccbc897f0fc1f10ea35bd,,2000
RNA,Scanorama,48.585,50.43,Scanorama_10_sigma15_alpha0.05_knn30_norm..RNA..features_RNA.log.vst.split_Batch_ID.features.2500_cecde2cad8cccbc897f0fc1f10ea35bd,,2500
RNA,Scanorama,47.03,38.2,Scanorama_10_sigma15_alpha0.05_knn30_norm..RNA..features_RNA.log.vst.split_Batch_ID.features.3000_cecde2cad8cccbc897f0fc1f10ea35bd,,3000
RNA,Scanorama,45.13,25.7,Scanorama_10_sigma15_alpha0.05_knn30_norm..RNA..features_RNA.log.vst.split_Batch_ID.features.4000_cecde2cad8cccbc897f0fc1f10ea35bd,,4000
RNA,Scanorama,70.965,48.04,Scanorama_10_sigma15_alpha0.05_knn30_norm..RNA..features_RNA.log.vst.split_Batch_ID.features.500_cecde2cad8cccbc897f0fc1f10ea35bd,,500
RNA,Scanorama,66.91,67.18,Scanorama_10_sigma15_alpha0.05_knn30_norm..RNA..features_RNA.log.vst.split_Batch_ID.features.700_cecde2cad8cccbc897f0fc1f10ea35bd,,700
RNA,Scanorama,64.97,90.43,Scanorama_10_sigma15_alpha0.05_knn30_scale..RNA..features_RNA.log.vst.split_Batch_ID.features.1000_cecde2cad8cccbc897f0fc1f10ea35bd,,1000
RNA,Scanorama,59.005,99.45,Scanorama_10_sigma15_alpha0.05_knn30_scale..RNA..features_RNA.log.vst.split_Batch_ID.features.1500_cecde2cad8cccbc897f0fc1f10ea35bd,,1500
RNA,Scanorama,54.79,94.16,Scanorama_10_sigma15_alpha0.05_knn30_scale..RNA..features_RNA.log.vst.split_Batch_ID.features.2000_cecde2cad8cccbc897f0fc1f10ea35bd,,2000
RNA,Scanorama,53.105,93.68,Scanorama_10_sigma15_alpha0.05_knn30_scale..RNA..features_RNA.log.vst.split_Batch_ID.features.2500_cecde2cad8cccbc897f0fc1f10ea35bd,,2500
RNA,Scanorama,51.865,84.43,Scanorama_10_sigma15_alpha0.05_knn30_scale..RNA..features_RNA.log.vst.split_Batch_ID.features.3000_cecde2cad8cccbc897f0fc1f10ea35bd,,3000
RNA,Scanorama,46.695,76.03,Scanorama_10_sigma15_alpha0.05_knn30_scale..RNA..features_RNA.log.vst.split_Batch_ID.features.4000_cecde2cad8cccbc897f0fc1f10ea35bd,,4000
RNA,Scanorama,73.895,84.32,Scanorama_10_sigma15_alpha0.05_knn30_scale..RNA..features_RNA.log.vst.split_Batch_ID.features.500_cecde2cad8cccbc897f0fc1f10ea35bd,,500
RNA,Scanorama,68.06,78.29,Scanorama_10_sigma15_alpha0.05_knn30_scale..RNA..features_RNA.log.vst.split_Batch_ID.features.700_cecde2cad8cccbc897f0fc1f10ea35bd,,700
RNA,Scanorama,61.775,61.48,Scanorama_11_sigma50_alpha0.05_knn30_norm..RNA..features_RNA.log.vst.split_Batch_ID.features.1000_cecde2cad8cccbc897f0fc1f10ea35bd,,1000
RNA,Scanorama,58.225,66.09,Scanorama_11_sigma50_alpha0.05_knn30_norm..RNA..features_RNA.log.vst.split_Batch_ID.features.1500_cecde2cad8cccbc897f0fc1f10ea35bd,,1500
RNA,Scanorama,52.345,45.64,Scanorama_11_sigma50_alpha0.05_knn30_norm..RNA..features_RNA.log.vst.split_Batch_ID.features.2000_cecde2cad8cccbc897f0fc1f10ea35bd,,2000
RNA,Scanorama,48.41,47.33,Scanorama_11_sigma50_alpha0.05_knn30_norm..RNA..features_RNA.log.vst.split_Batch_ID.features.2500_cecde2cad8cccbc897f0fc1f10ea35bd,,2500
RNA,Scanorama,46.675,35.84,Scanorama_11_sigma50_alpha0.05_knn30_norm..RNA..features_RNA.log.vst.split_Batch_ID.features.3000_cecde2cad8cccbc897f0fc1f10ea35bd,,3000
RNA,Scanorama,44.865,20.44,Scanorama_11_sigma50_alpha0.05_knn30_norm..RNA..features_RNA.log.vst.split_Batch_ID.features.4000_cecde2cad8cccbc897f0fc1f10ea35bd,,4000
RNA,Scanorama,71.35,32.9,Scanorama_11_sigma50_alpha0.05_knn30_norm..RNA..features_RNA.log.vst.split_Batch_ID.features.500_cecde2cad8cccbc897f0fc1f10ea35bd,,500
RNA,Scanorama,67.54,51.12,Scanorama_11_sigma50_alpha0.05_knn30_norm..RNA..features_RNA.log.vst.split_Batch_ID.features.700_cecde2cad8cccbc897f0fc1f10ea35bd,,700
RNA,Scanorama,65.46,89.75,Scanorama_11_sigma50_alpha0.05_knn30_scale..RNA..features_RNA.log.vst.split_Batch_ID.features.1000_cecde2cad8cccbc897f0fc1f10ea35bd,,1000
RNA,Scanorama,58.845,96.23,Scanorama_11_sigma50_alpha0.05_knn30_scale..RNA..features_RNA.log.vst.split_Batch_ID.features.1500_cecde2cad8cccbc897f0fc1f10ea35bd,,1500
RNA,Scanorama,55.655,93.04,Scanorama_11_sigma50_alpha0.05_knn30_scale..RNA..features_RNA.log.vst.split_Batch_ID.features.2000_cecde2cad8cccbc897f0fc1f10ea35bd,,2000
RNA,Scanorama,54.375,84.63,Scanorama_11_sigma50_alpha0.05_knn30_scale..RNA..features_RNA.log.vst.split_Batch_ID.features.2500_cecde2cad8cccbc897f0fc1f10ea35bd,,2500
RNA,Scanorama,54.08,78.87,Scanorama_11_sigma50_alpha0.05_knn30_scale..RNA..features_RNA.log.vst.split_Batch_ID.features.3000_cecde2cad8cccbc897f0fc1f10ea35bd,,3000
RNA,Scanorama,50.41,71.02,Scanorama_11_sigma50_alpha0.05_knn30_scale..RNA..features_RNA.log.vst.split_Batch_ID.features.4000_cecde2cad8cccbc897f0fc1f10ea35bd,,4000
RNA,Scanorama,70.37,74.82,Scanorama_11_sigma50_alpha0.05_knn30_scale..RNA..features_RNA.log.vst.split_Batch_ID.features.500_cecde2cad8cccbc897f0fc1f10ea35bd,,500
RNA,Scanorama,67.59,66.58,Scanorama_11_sigma50_alpha0.05_knn30_scale..RNA..features_RNA.log.vst.split_Batch_ID.features.700_cecde2cad8cccbc897f0fc1f10ea35bd,,700
RNA,Scanorama,59.58,34.93,Scanorama_2_sigma15_alpha0.05_knn20_norm..RNA..features_RNA.log.vst.split_Batch_ID.features.1000_cecde2cad8cccbc897f0fc1f10ea35bd,,1000
RNA,Scanorama,53.13,23.18,Scanorama_2_sigma15_alpha0.05_knn20_norm..RNA..features_RNA.log.vst.split_Batch_ID.features.1500_cecde2cad8cccbc897f0fc1f10ea35bd,,1500
RNA,Scanorama,48.185,15.56,Scanorama_2_sigma15_alpha0.05_knn20_norm..RNA..features_RNA.log.vst.split_Batch_ID.features.2000_cecde2cad8cccbc897f0fc1f10ea35bd,,2000
RNA,Scanorama,34.53,4.22,Scanorama_2_sigma15_alpha0.05_knn20_norm..RNA..features_RNA.log.vst.split_Batch_ID.features.2500_cecde2cad8cccbc897f0fc1f10ea35bd,,2500
RNA,Scanorama,32.7,-1.67,Scanorama_2_sigma15_alpha0.05_knn20_norm..RNA..features_RNA.log.vst.split_Batch_ID.features.3000_cecde2cad8cccbc897f0fc1f10ea35bd,,3000
RNA,Scanorama,30.995,-8.47,Scanorama_2_sigma15_alpha0.05_knn20_norm..RNA..features_RNA.log.vst.split_Batch_ID.features.4000_cecde2cad8cccbc897f0fc1f10ea35bd,,4000
RNA,Scanorama,69.945,22.69,Scanorama_2_sigma15_alpha0.05_knn20_norm..RNA..features_RNA.log.vst.split_Batch_ID.features.500_cecde2cad8cccbc897f0fc1f10ea35bd,,500
RNA,Scanorama,65.295,27.84,Scanorama_2_sigma15_alpha0.05_knn20_norm..RNA..features_RNA.log.vst.split_Batch_ID.features.700_cecde2cad8cccbc897f0fc1f10ea35bd,,700
RNA,Scanorama,66.19,76.5,Scanorama_2_sigma15_alpha0.05_knn20_scale..RNA..features_RNA.log.vst.split_Batch_ID.features.1000_cecde2cad8cccbc897f0fc1f10ea35bd,,1000
RNA,Scanorama,56.795,80.93,Scanorama_2_sigma15_alpha0.05_knn20_scale..RNA..features_RNA.log.vst.split_Batch_ID.features.1500_cecde2cad8cccbc897f0fc1f10ea35bd,,1500
RNA,Scanorama,52.9,65.65,Scanorama_2_sigma15_alpha0.05_knn20_scale..RNA..features_RNA.log.vst.split_Batch_ID.features.2000_cecde2cad8cccbc897f0fc1f10ea35bd,,2000
RNA,Scanorama,49.975,60.31,Scanorama_2_sigma15_alpha0.05_knn20_scale..RNA..features_RNA.log.vst.split_Batch_ID.features.2500_cecde2cad8cccbc897f0fc1f10ea35bd,,2500
RNA,Scanorama,48.1,57.24,Scanorama_2_sigma15_alpha0.05_knn20_scale..RNA..features_RNA.log.vst.split_Batch_ID.features.3000_cecde2cad8cccbc897f0fc1f10ea35bd,,3000
RNA,Scanorama,35.36,51.14,Scanorama_2_sigma15_alpha0.05_knn20_scale..RNA..features_RNA.log.vst.split_Batch_ID.features.4000_cecde2cad8cccbc897f0fc1f10ea35bd,,4000
RNA,Scanorama,73.5,65.41,Scanorama_2_sigma15_alpha0.05_knn20_scale..RNA..features_RNA.log.vst.split_Batch_ID.features.500_cecde2cad8cccbc897f0fc1f10ea35bd,,500
RNA,combat,33.68,0.89,combat_norm..RNA..features_RNA.log.vst.split_Batch_ID.features.1000..30_cecde2cad8cccbc897f0fc1f10ea35bd,,1000
RNA,combat,41.4,31.54,combat_norm..RNA..features_RNA.log.vst.split_Batch_ID.features.1000..50_cecde2cad8cccbc897f0fc1f10ea35bd,,1000
RNA,combat,25.345,13.43,combat_norm..RNA..features_RNA.log.vst.split_Batch_ID.features.1500..30_cecde2cad8cccbc897f0fc1f10ea35bd,,1500
RNA,combat,32.16,42.74,combat_norm..RNA..features_RNA.log.vst.split_Batch_ID.features.1500..50_cecde2cad8cccbc897f0fc1f10ea35bd,,1500
RNA,combat,19.305,8.81,combat_norm..RNA..features_RNA.log.vst.split_Batch_ID.features.2000..30_cecde2cad8cccbc897f0fc1f10ea35bd,,2000
RNA,combat,26.445,49.43,combat_norm..RNA..features_RNA.log.vst.split_Batch_ID.features.2000..50_cecde2cad8cccbc897f0fc1f10ea35bd,,2000
RNA,combat,16.03,0.55,combat_norm..RNA..features_RNA.log.vst.split_Batch_ID.features.2500..30_cecde2cad8cccbc897f0fc1f10ea35bd,,2500
RNA,combat,22.64,47.21,combat_norm..RNA..features_RNA.log.vst.split_Batch_ID.features.2500..50_cecde2cad8cccbc897f0fc1f10ea35bd,,2500
RNA,combat,14.32,-0.31,combat_norm..RNA..features_RNA.log.vst.split_Batch_ID.features.3000..30_cecde2cad8cccbc897f0fc1f10ea35bd,,3000
RNA,combat,20.48,44.88,combat_norm..RNA..features_RNA.log.vst.split_Batch_ID.features.3000..50_cecde2cad8cccbc897f0fc1f10ea35bd,,3000
RNA,combat,12.18,-2.07,combat_norm..RNA..features_RNA.log.vst.split_Batch_ID.features.4000..30_cecde2cad8cccbc897f0fc1f10ea35bd,,4000
RNA,combat,18.45,45.42,combat_norm..RNA..features_RNA.log.vst.split_Batch_ID.features.4000..50_cecde2cad8cccbc897f0fc1f10ea35bd,,4000
RNA,combat,46.805,-4.63,combat_norm..RNA..features_RNA.log.vst.split_Batch_ID.features.500..30_cecde2cad8cccbc897f0fc1f10ea35bd,,500
RNA,combat,53.545,14.61,combat_norm..RNA..features_RNA.log.vst.split_Batch_ID.features.500..50_cecde2cad8cccbc897f0fc1f10ea35bd,,500
RNA,combat,41.655,-7.25,combat_norm..RNA..features_RNA.log.vst.split_Batch_ID.features.700..30_cecde2cad8cccbc897f0fc1f10ea35bd,,700
RNA,combat,48.12,25.39,combat_norm..RNA..features_RNA.log.vst.split_Batch_ID.features.700..50_cecde2cad8cccbc897f0fc1f10ea35bd,,700
RNA,combat,20.43,57.71,combat_scale..RNA..features_RNA.log.vst.split_Batch_ID.features.1000..30_cecde2cad8cccbc897f0fc1f10ea35bd,,1000
RNA,combat,30.34,81.87,combat_scale..RNA..features_RNA.log.vst.split_Batch_ID.features.1000..50_cecde2cad8cccbc897f0fc1f10ea35bd,,1000
RNA,combat,14.395,57.08,combat_scale..RNA..features_RNA.log.vst.split_Batch_ID.features.1500..30_cecde2cad8cccbc897f0fc1f10ea35bd,,1500
RNA,combat,23.79,83.72,combat_scale..RNA..features_RNA.log.vst.split_Batch_ID.features.1500..50_cecde2cad8cccbc897f0fc1f10ea35bd,,1500
RNA,combat,9.83,52.85,combat_scale..RNA..features_RNA.log.vst.split_Batch_ID.features.2000..30_cecde2cad8cccbc897f0fc1f10ea35bd,,2000
RNA,combat,18.995,90.55,combat_scale..RNA..features_RNA.log.vst.split_Batch_ID.features.2000..50_cecde2cad8cccbc897f0fc1f10ea35bd,,2000
RNA,combat,7.86,44.21,combat_scale..RNA..features_RNA.log.vst.split_Batch_ID.features.2500..30_cecde2cad8cccbc897f0fc1f10ea35bd,,2500
RNA,combat,16.215,86.99,combat_scale..RNA..features_RNA.log.vst.split_Batch_ID.features.2500..50_cecde2cad8cccbc897f0fc1f10ea35bd,,2500
RNA,combat,6.96,35.17,combat_scale..RNA..features_RNA.log.vst.split_Batch_ID.features.3000..30_cecde2cad8cccbc897f0fc1f10ea35bd,,3000
RNA,combat,15.165,83.57,combat_scale..RNA..features_RNA.log.vst.split_Batch_ID.features.3000..50_cecde2cad8cccbc897f0fc1f10ea35bd,,3000
RNA,combat,3.015,33.84,combat_scale..RNA..features_RNA.log.vst.split_Batch_ID.features.4000..30_cecde2cad8cccbc897f0fc1f10ea35bd,,4000
RNA,combat,10.82,78.36,combat_scale..RNA..features_RNA.log.vst.split_Batch_ID.features.4000..50_cecde2cad8cccbc897f0fc1f10ea35bd,,4000
RNA,combat,32.52,60.07,combat_scale..RNA..features_RNA.log.vst.split_Batch_ID.features.500..30_cecde2cad8cccbc897f0fc1f10ea35bd,,500
RNA,combat,43.61,71.56,combat_scale..RNA..features_RNA.log.vst.split_Batch_ID.features.500..50_cecde2cad8cccbc897f0fc1f10ea35bd,,500
RNA,combat,27.91,60.03,combat_scale..RNA..features_RNA.log.vst.split_Batch_ID.features.700..30_cecde2cad8cccbc897f0fc1f10ea35bd,,700
RNA,combat,37.715,73.17,combat_scale..RNA..features_RNA.log.vst.split_Batch_ID.features.700..50_cecde2cad8cccbc897f0fc1f10ea35bd,,700
RNA,harmony,91.985,30.81,harmony_1_Batch_ID_0.5_0.05_85_PCA..RNA..30..RNA.log.vst.split_Batch_ID.features.1000_43201fbe88d7bcada8878ffe4d26c21f,30,1000
RNA,harmony,91.475,15.74,harmony_1_Batch_ID_0.5_0.05_85_PCA..RNA..30..RNA.log.vst.split_Batch_ID.features.1500_43201fbe88d7bcada8878ffe4d26c21f,30,1500
RNA,harmony,91.24,11.45,harmony_1_Batch_ID_0.5_0.05_85_PCA..RNA..30..RNA.log.vst.split_Batch_ID.features.2000_43201fbe88d7bcada8878ffe4d26c21f,30,2000
RNA,harmony,90.775,1.22,harmony_1_Batch_ID_0.5_0.05_85_PCA..RNA..30..RNA.log.vst.split_Batch_ID.features.2500_43201fbe88d7bcada8878ffe4d26c21f,30,2500
RNA,harmony,90.23,-3.8,harmony_1_Batch_ID_0.5_0.05_85_PCA..RNA..30..RNA.log.vst.split_Batch_ID.features.3000_43201fbe88d7bcada8878ffe4d26c21f,30,3000
RNA,harmony,90.43,-23.88,harmony_1_Batch_ID_0.5_0.05_85_PCA..RNA..30..RNA.log.vst.split_Batch_ID.features.4000_43201fbe88d7bcada8878ffe4d26c21f,30,4000
RNA,harmony,91.81,42.56,harmony_1_Batch_ID_0.5_0.05_85_PCA..RNA..30..RNA.log.vst.split_Batch_ID.features.500_43201fbe88d7bcada8878ffe4d26c21f,30,500
RNA,harmony,91.315,31.23,harmony_1_Batch_ID_0.5_0.05_85_PCA..RNA..30..RNA.log.vst.split_Batch_ID.features.700_43201fbe88d7bcada8878ffe4d26c21f,30,700
RNA,harmony,90.77,57.37,harmony_1_Batch_ID_0.5_0.05_85_PCA..RNA..50..RNA.log.vst.split_Batch_ID.features.1000_43201fbe88d7bcada8878ffe4d26c21f,50,1000
RNA,harmony,89.87,59.88,harmony_1_Batch_ID_0.5_0.05_85_PCA..RNA..50..RNA.log.vst.split_Batch_ID.features.1500_43201fbe88d7bcada8878ffe4d26c21f,50,1500
RNA,harmony,89.69,54.85,harmony_1_Batch_ID_0.5_0.05_85_PCA..RNA..50..RNA.log.vst.split_Batch_ID.features.2000_43201fbe88d7bcada8878ffe4d26c21f,50,2000
RNA,harmony,89.05,53.22,harmony_1_Batch_ID_0.5_0.05_85_PCA..RNA..50..RNA.log.vst.split_Batch_ID.features.2500_43201fbe88d7bcada8878ffe4d26c21f,50,2500
RNA,harmony,88.99,54.61,harmony_1_Batch_ID_0.5_0.05_85_PCA..RNA..50..RNA.log.vst.split_Batch_ID.features.3000_43201fbe88d7bcada8878ffe4d26c21f,50,3000
RNA,harmony,88.53,53.43,harmony_1_Batch_ID_0.5_0.05_85_PCA..RNA..50..RNA.log.vst.split_Batch_ID.features.4000_43201fbe88d7bcada8878ffe4d26c21f,50,4000
RNA,harmony,89.985,62.99,harmony_1_Batch_ID_0.5_0.05_85_PCA..RNA..50..RNA.log.vst.split_Batch_ID.features.500_43201fbe88d7bcada8878ffe4d26c21f,50,500
RNA,harmony,90.18,61.17,harmony_1_Batch_ID_0.5_0.05_85_PCA..RNA..50..RNA.log.vst.split_Batch_ID.features.700_43201fbe88d7bcada8878ffe4d26c21f,50,700
RNA,harmony,92.585,23.8,harmony_10_Batch_ID_3_0.05_85_PCA..RNA..30..RNA.log.vst.split_Batch_ID.features.1000_43201fbe88d7bcada8878ffe4d26c21f,30,1000
RNA,harmony,92.47,11.93,harmony_10_Batch_ID_3_0.05_85_PCA..RNA..30..RNA.log.vst.split_Batch_ID.features.1500_43201fbe88d7bcada8878ffe4d26c21f,30,1500
RNA,harmony,87.295,69.62,harmony_5_Batch_ID_1_0.1_85_PCA..RNA..50..RNA.log.vst.split_Batch_ID.features.1000_43201fbe88d7bcada8878ffe4d26c21f,50,1000
RNA,harmony,85.945,71.33,harmony_5_Batch_ID_1_0.1_85_PCA..RNA..50..RNA.log.vst.split_Batch_ID.features.1500_43201fbe88d7bcada8878ffe4d26c21f,50,1500
RNA,harmony,84.56,63.74,harmony_5_Batch_ID_1_0.1_85_PCA..RNA..50..RNA.log.vst.split_Batch_ID.features.2000_43201fbe88d7bcada8878ffe4d26c21f,50,2000
RNA,harmony,82.765,68.94,harmony_5_Batch_ID_1_0.1_85_PCA..RNA..50..RNA.log.vst.split_Batch_ID.features.2500_43201fbe88d7bcada8878ffe4d26c21f,50,2500
RNA,harmony,80.87,63.68,harmony_5_Batch_ID_1_0.1_85_PCA..RNA..50..RNA.log.vst.split_Batch_ID.features.3000_43201fbe88d7bcada8878ffe4d26c21f,50,3000
RNA,harmony,80.35,59.49,harmony_5_Batch_ID_1_0.1_85_PCA..RNA..50..RNA.log.vst.split_Batch_ID.features.4000_43201fbe88d7bcada8878ffe4d26c21f,50,4000
RNA,harmony,87.91,70.43,harmony_5_Batch_ID_1_0.1_85_PCA..RNA..50..RNA.log.vst.split_Batch_ID.features.500_43201fbe88d7bcada8878ffe4d26c21f,50,500
RNA,harmony,87.605,65.57,harmony_5_Batch_ID_1_0.1_85_PCA..RNA..50..RNA.log.vst.split_Batch_ID.features.700_43201fbe88d7bcada8878ffe4d26c21f,50,700
RNA,harmony,86.31,44.55,harmony_6_Batch_ID_1_0.125_85_PCA..RNA..30..RNA.log.vst.split_Batch_ID.features.1000_43201fbe88d7bcada8878ffe4d26c21f,30,1000
RNA,harmony,84.14,36.9,harmony_6_Batch_ID_1_0.125_85_PCA..RNA..30..RNA.log.vst.split_Batch_ID.features.1500_43201fbe88d7bcada8878ffe4d26c21f,30,1500
RNA,harmony,83.925,22.86,harmony_6_Batch_ID_1_0.125_85_PCA..RNA..30..RNA.log.vst.split_Batch_ID.features.2000_43201fbe88d7bcada8878ffe4d26c21f,30,2000
RNA,harmony,82.115,8.3,harmony_6_Batch_ID_1_0.125_85_PCA..RNA..30..RNA.log.vst.split_Batch_ID.features.2500_43201fbe88d7bcada8878ffe4d26c21f,30,2500
RNA,harmony,79.21,0.22,harmony_6_Batch_ID_1_0.125_85_PCA..RNA..30..RNA.log.vst.split_Batch_ID.features.3000_43201fbe88d7bcada8878ffe4d26c21f,30,3000
RNA,harmony,81.005,-16.58,harmony_6_Batch_ID_1_0.125_85_PCA..RNA..30..RNA.log.vst.split_Batch_ID.features.4000_43201fbe88d7bcada8878ffe4d26c21f,30,4000
RNA,harmony,86.955,49.06,harmony_6_Batch_ID_1_0.125_85_PCA..RNA..30..RNA.log.vst.split_Batch_ID.features.500_43201fbe88d7bcada8878ffe4d26c21f,30,500
RNA,harmony,86.56,43.52,harmony_6_Batch_ID_1_0.125_85_PCA..RNA..30..RNA.log.vst.split_Batch_ID.features.700_43201fbe88d7bcada8878ffe4d26c21f,30,700
RNA,harmony,83.775,78.83,harmony_6_Batch_ID_1_0.125_85_PCA..RNA..50..RNA.log.vst.split_Batch_ID.features.1000_43201fbe88d7bcada8878ffe4d26c21f,50,1000
RNA,harmony,81.53,79.8,harmony_6_Batch_ID_1_0.125_85_PCA..RNA..50..RNA.log.vst.split_Batch_ID.features.1500_43201fbe88d7bcada8878ffe4d26c21f,50,1500
RNA,harmony,79.335,79.52,harmony_6_Batch_ID_1_0.125_85_PCA..RNA..50..RNA.log.vst.split_Batch_ID.features.2000_43201fbe88d7bcada8878ffe4d26c21f,50,2000
RNA,harmony,79.16,71.34,harmony_6_Batch_ID_1_0.125_85_PCA..RNA..50..RNA.log.vst.split_Batch_ID.features.2500_43201fbe88d7bcada8878ffe4d26c21f,50,2500
RNA,harmony,78.5,62.62,harmony_6_Batch_ID_1_0.125_85_PCA..RNA..50..RNA.log.vst.split_Batch_ID.features.3000_43201fbe88d7bcada8878ffe4d26c21f,50,3000
RNA,harmony,77.515,59.71,harmony_6_Batch_ID_1_0.125_85_PCA..RNA..50..RNA.log.vst.split_Batch_ID.features.4000_43201fbe88d7bcada8878ffe4d26c21f,50,4000
RNA,harmony,85.58,72.62,harmony_6_Batch_ID_1_0.125_85_PCA..RNA..50..RNA.log.vst.split_Batch_ID.features.500_43201fbe88d7bcada8878ffe4d26c21f,50,500
RNA,harmony,84.935,68.59,harmony_6_Batch_ID_1_0.125_85_PCA..RNA..50..RNA.log.vst.split_Batch_ID.features.700_43201fbe88d7bcada8878ffe4d26c21f,50,700
RNA,harmony,92.205,24.02,harmony_7_Batch_ID_2_0.05_85_PCA..RNA..30..RNA.log.vst.split_Batch_ID.features.1000_43201fbe88d7bcada8878ffe4d26c21f,30,1000
RNA,harmony,91.625,13.41,harmony_7_Batch_ID_2_0.05_85_PCA..RNA..30..RNA.log.vst.split_Batch_ID.features.1500_43201fbe88d7bcada8878ffe4d26c21f,30,1500
RNA,harmony,91.81,5.16,harmony_7_Batch_ID_2_0.05_85_PCA..RNA..30..RNA.log.vst.split_Batch_ID.features.2000_43201fbe88d7bcada8878ffe4d26c21f,30,2000
RNA,harmony,90.84,0.6,harmony_7_Batch_ID_2_0.05_85_PCA..RNA..30..RNA.log.vst.split_Batch_ID.features.2500_43201fbe88d7bcada8878ffe4d26c21f,30,2500
RNA,harmony,90.375,-7.21,harmony_7_Batch_ID_2_0.05_85_PCA..RNA..30..RNA.log.vst.split_Batch_ID.features.3000_43201fbe88d7bcada8878ffe4d26c21f,30,3000
RNA,harmony,90.51,-23.89,harmony_7_Batch_ID_2_0.05_85_PCA..RNA..30..RNA.log.vst.split_Batch_ID.features.4000_43201fbe88d7bcada8878ffe4d26c21f,30,4000
RNA,harmony,92.695,36.31,harmony_7_Batch_ID_2_0.05_85_PCA..RNA..30..RNA.log.vst.split_Batch_ID.features.500_43201fbe88d7bcada8878ffe4d26c21f,30,500
RNA,harmony,92.415,29.33,harmony_7_Batch_ID_2_0.05_85_PCA..RNA..30..RNA.log.vst.split_Batch_ID.features.700_43201fbe88d7bcada8878ffe4d26c21f,30,700
RNA,harmony,91.91,56.37,harmony_7_Batch_ID_2_0.05_85_PCA..RNA..50..RNA.log.vst.split_Batch_ID.features.1000_43201fbe88d7bcada8878ffe4d26c21f,50,1000
RNA,harmony,91.1,55.63,harmony_7_Batch_ID_2_0.05_85_PCA..RNA..50..RNA.log.vst.split_Batch_ID.features.1500_43201fbe88d7bcada8878ffe4d26c21f,50,1500
RNA,harmony,90.41,56.57,harmony_7_Batch_ID_2_0.05_85_PCA..RNA..50..RNA.log.vst.split_Batch_ID.features.2000_43201fbe88d7bcada8878ffe4d26c21f,50,2000
RNA,harmony,89.355,54.28,harmony_7_Batch_ID_2_0.05_85_PCA..RNA..50..RNA.log.vst.split_Batch_ID.features.2500_43201fbe88d7bcada8878ffe4d26c21f,50,2500
RNA,harmony,88.945,53.28,harmony_7_Batch_ID_2_0.05_85_PCA..RNA..50..RNA.log.vst.split_Batch_ID.features.3000_43201fbe88d7bcada8878ffe4d26c21f,50,3000
RNA,harmony,88.09,51.19,harmony_7_Batch_ID_2_0.05_85_PCA..RNA..50..RNA.log.vst.split_Batch_ID.features.4000_43201fbe88d7bcada8878ffe4d26c21f,50,4000
RNA,harmony,91.7,60.57,harmony_7_Batch_ID_2_0.05_85_PCA..RNA..50..RNA.log.vst.split_Batch_ID.features.500_43201fbe88d7bcada8878ffe4d26c21f,50,500
RNA,harmony,91.28,58.62,harmony_7_Batch_ID_2_0.05_85_PCA..RNA..50..RNA.log.vst.split_Batch_ID.features.700_43201fbe88d7bcada8878ffe4d26c21f,50,700
RNA,harmony,88.08,41.69,harmony_8_Batch_ID_2_0.1_85_PCA..RNA..30..RNA.log.vst.split_Batch_ID.features.1000_43201fbe88d7bcada8878ffe4d26c21f,30,1000
RNA,harmony,86.305,35.45,harmony_8_Batch_ID_2_0.1_85_PCA..RNA..30..RNA.log.vst.split_Batch_ID.features.1500_43201fbe88d7bcada8878ffe4d26c21f,30,1500
RNA,harmony,85.005,21.99,harmony_8_Batch_ID_2_0.1_85_PCA..RNA..30..RNA.log.vst.split_Batch_ID.features.2000_43201fbe88d7bcada8878ffe4d26c21f,30,2000
RNA,harmony,83.575,5.8,harmony_8_Batch_ID_2_0.1_85_PCA..RNA..30..RNA.log.vst.split_Batch_ID.features.2500_43201fbe88d7bcada8878ffe4d26c21f,30,2500
RNA,harmony,82.46,-3.03,harmony_8_Batch_ID_2_0.1_85_PCA..RNA..30..RNA.log.vst.split_Batch_ID.features.3000_43201fbe88d7bcada8878ffe4d26c21f,30,3000
RNA,harmony,82.845,-20.19,harmony_8_Batch_ID_2_0.1_85_PCA..RNA..30..RNA.log.vst.split_Batch_ID.features.4000_43201fbe88d7bcada8878ffe4d26c21f,30,4000
RNA,harmony,88.475,45.74,harmony_8_Batch_ID_2_0.1_85_PCA..RNA..30..RNA.log.vst.split_Batch_ID.features.500_43201fbe88d7bcada8878ffe4d26c21f,30,500
RNA,harmony,88.145,41.35,harmony_8_Batch_ID_2_0.1_85_PCA..RNA..30..RNA.log.vst.split_Batch_ID.features.700_43201fbe88d7bcada8878ffe4d26c21f,30,700
RNA,harmony,86.61,68.2,harmony_8_Batch_ID_2_0.1_85_PCA..RNA..50..RNA.log.vst.split_Batch_ID.features.1000_43201fbe88d7bcada8878ffe4d26c21f,50,1000
scVI,scVI,59.095,96.49,scVI_4_40_0.1_2_128_30..scVI..features_RNA.log.vst.split_Batch_ID.features.3000_66d324bdb66f9bc57722f3e7fb324222,,3000
scVI,scVI,57.16,88.62,scVI_4_40_0.1_2_128_30..scVI..features_RNA.log.vst.split_Batch_ID.features.4000_66d324bdb66f9bc57722f3e7fb324222,,4000
scVI,scVI,73.795,86.29,scVI_4_40_0.1_2_128_30..scVI..features_RNA.log.vst.split_Batch_ID.features.500_66d324bdb66f9bc57722f3e7fb324222,,500
scVI,scVI,71.575,91.66,scVI_4_40_0.1_2_128_30..scVI..features_RNA.log.vst.split_Batch_ID.features.700_66d324bdb66f9bc57722f3e7fb324222,,700
scVI,scVI,70,96.24,scVI_5_40_0.1_2_128_50..scVI..features_RNA.log.vst.split_Batch_ID.features.1000_66d324bdb66f9bc57722f3e7fb324222,,1000
scVI,scVI,66.465,95.17,scVI_5_40_0.1_2_128_50..scVI..features_RNA.log.vst.split_Batch_ID.features.1500_66d324bdb66f9bc57722f3e7fb324222,,1500
scVI,scVI,63.895,92.32,scVI_5_40_0.1_2_128_50..scVI..features_RNA.log.vst.split_Batch_ID.features.2000_66d324bdb66f9bc57722f3e7fb324222,,2000
scVI,scVI,61.855,93.99,scVI_5_40_0.1_2_128_50..scVI..features_RNA.log.vst.split_Batch_ID.features.2500_66d324bdb66f9bc57722f3e7fb324222,,2500
scVI,scVI,60.96,95.51,scVI_5_40_0.1_2_128_50..scVI..features_RNA.log.vst.split_Batch_ID.features.3000_66d324bdb66f9bc57722f3e7fb324222,,3000
scVI,scVI,59.595,91.48,scVI_5_40_0.1_2_128_50..scVI..features_RNA.log.vst.split_Batch_ID.features.4000_66d324bdb66f9bc57722f3e7fb324222,,4000
scVI,scVI,73.58,88.06,scVI_5_40_0.1_2_128_50..scVI..features_RNA.log.vst.split_Batch_ID.features.500_66d324bdb66f9bc57722f3e7fb324222,,500
scVI,scVI,72.16,89.66,scVI_5_40_0.1_2_128_50..scVI..features_RNA.log.vst.split_Batch_ID.features.700_66d324bdb66f9bc57722f3e7fb324222,,700
scVI,scVI,70.32,91.86,scVI_6_80_0.1_2_128_20..scVI..features_RNA.log.vst.split_Batch_ID.features.1000_66d324bdb66f9bc57722f3e7fb324222,,1000
scVI,scVI,65.56,90.38,scVI_6_80_0.1_2_128_20..scVI..features_RNA.log.vst.split_Batch_ID.features.1500_66d324bdb66f9bc57722f3e7fb324222,,1500
scVI,scVI,63.35,93.2,scVI_6_80_0.1_2_128_20..scVI..features_RNA.log.vst.split_Batch_ID.features.2000_66d324bdb66f9bc57722f3e7fb324222,,2000
scVI,scVI,61.75,90.36,scVI_6_80_0.1_2_128_20..scVI..features_RNA.log.vst.split_Batch_ID.features.2500_66d324bdb66f9bc57722f3e7fb324222,,2500
scVI,scVI,60.68,90.4,scVI_6_80_0.1_2_128_20..scVI..features_RNA.log.vst.split_Batch_ID.features.3000_66d324bdb66f9bc57722f3e7fb324222,,3000
scVI,scVI,58.675,84.86,scVI_6_80_0.1_2_128_20..scVI..features_RNA.log.vst.split_Batch_ID.features.4000_66d324bdb66f9bc57722f3e7fb324222,,4000
scVI,scVI,73.84,86.15,scVI_6_80_0.1_2_128_20..scVI..features_RNA.log.vst.split_Batch_ID.features.500_66d324bdb66f9bc57722f3e7fb324222,,500
scVI,scVI,72.42,87.07,scVI_6_80_0.1_2_128_20..scVI..features_RNA.log.vst.split_Batch_ID.features.700_66d324bdb66f9bc57722f3e7fb324222,,700
scVI,scVI,71.34,92.45,scVI_7_80_0.1_2_128_30..scVI..features_RNA.log.vst.split_Batch_ID.features.1000_66d324bdb66f9bc57722f3e7fb324222,,1000
scVI,scVI,67.995,96.71,scVI_7_80_0.1_2_128_30..scVI..features_RNA.log.vst.split_Batch_ID.features.1500_66d324bdb66f9bc57722f3e7fb324222,,1500
scVI,scVI,66.57,95.46,scVI_7_80_0.1_2_128_30..scVI..features_RNA.log.vst.split_Batch_ID.features.2000_66d324bdb66f9bc57722f3e7fb324222,,2000
scVI,scVI,63.145,93.3,scVI_7_80_0.1_2_128_30..scVI..features_RNA.log.vst.split_Batch_ID.features.2500_66d324bdb66f9bc57722f3e7fb324222,,2500
scVI,scVI,62.665,92.73,scVI_7_80_0.1_2_128_30..scVI..features_RNA.log.vst.split_Batch_ID.features.3000_66d324bdb66f9bc57722f3e7fb324222,,3000
scVI,scVI,60.875,94.53,scVI_7_80_0.1_2_128_30..scVI..features_RNA.log.vst.split_Batch_ID.features.4000_66d324bdb66f9bc57722f3e7fb324222,,4000
scVI,scVI,74.84,85.59,scVI_7_80_0.1_2_128_30..scVI..features_RNA.log.vst.split_Batch_ID.features.500_66d324bdb66f9bc57722f3e7fb324222,,500
scVI,scVI,74.025,91.24,scVI_7_80_0.1_2_128_30..scVI..features_RNA.log.vst.split_Batch_ID.features.700_66d324bdb66f9bc57722f3e7fb324222,,700
scVI,scVI,72.975,92.9,scVI_8_80_0.1_2_128_50..scVI..features_RNA.log.vst.split_Batch_ID.features.1000_66d324bdb66f9bc57722f3e7fb324222,,1000
scVI,scVI,69.215,98.71,scVI_8_80_0.1_2_128_50..scVI..features_RNA.log.vst.split_Batch_ID.features.1500_66d324bdb66f9bc57722f3e7fb324222,,1500
scVI,scVI,66.26,96.21,scVI_8_80_0.1_2_128_50..scVI..features_RNA.log.vst.split_Batch_ID.features.2000_66d324bdb66f9bc57722f3e7fb324222,,2000
scVI,scVI,63.605,95.37,scVI_8_80_0.1_2_128_50..scVI..features_RNA.log.vst.split_Batch_ID.features.2500_66d324bdb66f9bc57722f3e7fb324222,,2500
scVI,scVI,62.9,94.84,scVI_8_80_0.1_2_128_50..scVI..features_RNA.log.vst.split_Batch_ID.features.3000_66d324bdb66f9bc57722f3e7fb324222,,3000
scVI,scVI,62.02,91.58,scVI_8_80_0.1_2_128_50..scVI..features_RNA.log.vst.split_Batch_ID.features.4000_66d324bdb66f9bc57722f3e7fb324222,,4000
scVI,scVI,76.1,90.52,scVI_8_80_0.1_2_128_50..scVI..features_RNA.log.vst.split_Batch_ID.features.500_66d324bdb66f9bc57722f3e7fb324222,,500
scVI,scVI,75.15,97.09,scVI_8_80_0.1_2_128_50..scVI..features_RNA.log.vst.split_Batch_ID.features.700_66d324bdb66f9bc57722f3e7fb324222,,700
RNA,seuratIntegration,97.05,36.35,seuratIntegration_1_Batch_ID_30..RNA..features_RNA.log.vst.split_Batch_ID.features.1000_913583,,1000
RNA,seuratIntegration,96.68,31.7,seuratIntegration_1_Batch_ID_30..RNA..features_RNA.log.vst.split_Batch_ID.features.1500_3863132,,1500
RNA,seuratIntegration,96.405,28.96,seuratIntegration_1_Batch_ID_30..RNA..features_RNA.log.vst.split_Batch_ID.features.2000_2928596,,2000
RNA,seuratIntegration,95.89,29.65,seuratIntegration_1_Batch_ID_30..RNA..features_RNA.log.vst.split_Batch_ID.features.2500_5104233,,2500
RNA,seuratIntegration,95.76,28.1,seuratIntegration_1_Batch_ID_30..RNA..features_RNA.log.vst.split_Batch_ID.features.3000_3122061,,3000
RNA,seuratIntegration,98.235,38.72,seuratIntegration_1_Batch_ID_30..RNA..features_RNA.log.vst.split_Batch_ID.features.500_7368807,,500
RNA,seuratIntegration,97.755,39.16,seuratIntegration_1_Batch_ID_30..RNA..features_RNA.log.vst.split_Batch_ID.features.700_688508,,700
RNA,seuratIntegration,96.495,53.2,seuratIntegration_2_Batch_ID_50..RNA..features_RNA.log.vst.split_Batch_ID.features.1000_913583,,1000
RNA,seuratIntegration,96.38,52.07,seuratIntegration_2_Batch_ID_50..RNA..features_RNA.log.vst.split_Batch_ID.features.1500_3863132,,1500
RNA,seuratIntegration,95.79,49.56,seuratIntegration_2_Batch_ID_50..RNA..features_RNA.log.vst.split_Batch_ID.features.2000_2928596,,2000
RNA,seuratIntegration,95.705,50.89,seuratIntegration_2_Batch_ID_50..RNA..features_RNA.log.vst.split_Batch_ID.features.2500_5104233,,2500
RNA,seuratIntegration,95.115,47.93,seuratIntegration_2_Batch_ID_50..RNA..features_RNA.log.vst.split_Batch_ID.features.3000_3122061,,3000
RNA,seuratIntegration,95.015,52.77,seuratIntegration_2_Batch_ID_50..RNA..features_RNA.log.vst.split_Batch_ID.features.500_7368807,,500
RNA,seuratIntegration,96.68,42.39,seuratIntegration_2_Batch_ID_50..RNA..features_RNA.log.vst.split_Batch_ID.features.700_688508,,700
scVI,scVI,72.87,95.6,scVI_0_100_0.05_2_128_gene_zinb_cov0..scVI..50..features_RNA.log.vst.split_Batch_ID.features.1000_943c7eace32a099271452253d51c6435,50,1000
scVI,scVI,74.15,94.49,scVI_0_100_0.05_2_128_gene_zinb_cov0..scVI..50..features_RNA.log.vst.split_Batch_ID.features.700_943c7eace32a099271452253d51c6435,50,700
scVI,scVI,73.285,93.29,scVI_0_100_0.05_2_128_gene_zinb_cov0..scVI..90..features_RNA.log.vst.split_Batch_ID.features.1000_8803bd9e64bcdface4ae877131e203b9,90,1000
scVI,scVI,74.265,95.12,scVI_0_100_0.05_2_128_gene_zinb_cov0..scVI..90..features_RNA.log.vst.split_Batch_ID.features.700_8803bd9e64bcdface4ae877131e203b9,90,700
scVI,scVI,71.79,92.88,scVI_1_100_0.05_3_128_gene_zinb_cov0..scVI..50..features_RNA.log.vst.split_Batch_ID.features.1000_943c7eace32a099271452253d51c6435,50,1000
scVI,scVI,73.685,88.29,scVI_1_100_0.05_3_128_gene_zinb_cov0..scVI..50..features_RNA.log.vst.split_Batch_ID.features.700_943c7eace32a099271452253d51c6435,50,700
scVI,scVI,71.625,93.86,scVI_1_100_0.05_3_128_gene_zinb_cov0..scVI..90..features_RNA.log.vst.split_Batch_ID.features.1000_8803bd9e64bcdface4ae877131e203b9,90,1000
scVI,scVI,73.765,89.25,scVI_1_100_0.05_3_128_gene_zinb_cov0..scVI..90..features_RNA.log.vst.split_Batch_ID.features.700_8803bd9e64bcdface4ae877131e203b9,90,700
scVI,scVI,72.09,98.63,scVI_2_100_0.05_2_256_gene_zinb_cov0..scVI..50..features_RNA.log.vst.split_Batch_ID.features.1000_943c7eace32a099271452253d51c6435,50,1000
scVI,scVI,73.485,92.2,scVI_2_100_0.05_2_256_gene_zinb_cov0..scVI..50..features_RNA.log.vst.split_Batch_ID.features.700_943c7eace32a099271452253d51c6435,50,700
scVI,scVI,75.005,95.56,scVI_2_100_0.05_2_256_gene_zinb_cov0..scVI..90..features_RNA.log.vst.split_Batch_ID.features.1000_8803bd9e64bcdface4ae877131e203b9,90,1000
scVI,scVI,74.14,95.11,scVI_2_100_0.05_2_256_gene_zinb_cov0..scVI..90..features_RNA.log.vst.split_Batch_ID.features.700_8803bd9e64bcdface4ae877131e203b9,90,700
scVI,scVI,73.685,91.66,scVI_3_100_0.05_3_256_gene_zinb_cov0..scVI..50..features_RNA.log.vst.split_Batch_ID.features.1000_943c7eace32a099271452253d51c6435,50,1000
scVI,scVI,74.09,91.13,scVI_3_100_0.05_3_256_gene_zinb_cov0..scVI..50..features_RNA.log.vst.split_Batch_ID.features.700_943c7eace32a099271452253d51c6435,50,700
scVI,scVI,74.77,93.62,scVI_3_100_0.05_3_256_gene_zinb_cov0..scVI..90..features_RNA.log.vst.split_Batch_ID.features.1000_8803bd9e64bcdface4ae877131e203b9,90,1000
scVI,scVI,76.675,96.64,scVI_3_100_0.05_3_256_gene_zinb_cov0..scVI..90..features_RNA.log.vst.split_Batch_ID.features.700_8803bd9e64bcdface4ae877131e203b9,90,700
scVI,scVI,74.46,94.09,scVI_4_200_0.05_2_128_gene_zinb_cov0..scVI..50..features_RNA.log.vst.split_Batch_ID.features.1000_943c7eace32a099271452253d51c6435,50,1000
scVI,scVI,76.085,90.54,scVI_4_200_0.05_2_128_gene_zinb_cov0..scVI..50..features_RNA.log.vst.split_Batch_ID.features.700_943c7eace32a099271452253d51c6435,50,700
scVI,scVI,75.225,96.62,scVI_4_200_0.05_2_128_gene_zinb_cov0..scVI..90..features_RNA.log.vst.split_Batch_ID.features.1000_8803bd9e64bcdface4ae877131e203b9,90,1000
scVI,scVI,76.495,91.72,scVI_4_200_0.05_2_128_gene_zinb_cov0..scVI..90..features_RNA.log.vst.split_Batch_ID.features.700_8803bd9e64bcdface4ae877131e203b9,90,700
scVI,scVI,74.975,91.61,scVI_5_200_0.05_3_128_gene_zinb_cov0..scVI..50..features_RNA.log.vst.split_Batch_ID.features.1000_943c7eace32a099271452253d51c6435,50,1000
scVI,scVI,76.685,87.82,scVI_5_200_0.05_3_128_gene_zinb_cov0..scVI..50..features_RNA.log.vst.split_Batch_ID.features.700_943c7eace32a099271452253d51c6435,50,700
scVI,scVI,75.425,89.86,scVI_5_200_0.05_3_128_gene_zinb_cov0..scVI..90..features_RNA.log.vst.split_Batch_ID.features.1000_8803bd9e64bcdface4ae877131e203b9,90,1000
scVI,scVI,77.475,88.34,scVI_5_200_0.05_3_128_gene_zinb_cov0..scVI..90..features_RNA.log.vst.split_Batch_ID.features.700_8803bd9e64bcdface4ae877131e203b9,90,700
scVI,scVI,76.54,94.93,scVI_6_200_0.05_2_256_gene_zinb_cov0..scVI..50..features_RNA.log.vst.split_Batch_ID.features.1000_943c7eace32a099271452253d51c6435,50,1000
scVI,scVI,78.505,93.97,scVI_6_200_0.05_2_256_gene_zinb_cov0..scVI..50..features_RNA.log.vst.split_Batch_ID.features.700_943c7eace32a099271452253d51c6435,50,700
scVI,scVI,77.655,98.01,scVI_6_200_0.05_2_256_gene_zinb_cov0..scVI..90..features_RNA.log.vst.split_Batch_ID.features.1000_8803bd9e64bcdface4ae877131e203b9,90,1000
scVI,scVI,79.385,92.44,scVI_6_200_0.05_2_256_gene_zinb_cov0..scVI..90..features_RNA.log.vst.split_Batch_ID.features.700_8803bd9e64bcdface4ae877131e203b9,90,700
scVI,scVI,77.905,93.28,scVI_7_200_0.05_3_256_gene_zinb_cov0..scVI..50..features_RNA.log.vst.split_Batch_ID.features.1000_943c7eace32a099271452253d51c6435,50,1000
scVI,scVI,79.905,95.28,scVI_7_200_0.05_3_256_gene_zinb_cov0..scVI..50..features_RNA.log.vst.split_Batch_ID.features.700_943c7eace32a099271452253d51c6435,50,700
scVI,scVI,78.64,93.37,scVI_7_200_0.05_3_256_gene_zinb_cov0..scVI..90..features_RNA.log.vst.split_Batch_ID.features.1000_8803bd9e64bcdface4ae877131e203b9,90,1000
scVI,scVI,80.5,96.33,scVI_7_200_0.05_3_256_gene_zinb_cov0..scVI..90..features_RNA.log.vst.split_Batch_ID.features.700_8803bd9e64bcdface4ae877131e203b9,90,700
RNA,Scanorama,51.255,43.51,Scanorama_9_sigma50_alpha0.05_knn20_norm..RNA..features_RNA.log.vst.split_Batch_ID.features.2000_cecde2cad8cccbc897f0fc1f10ea35bd,,2000
RNA,Scanorama,38.67,40.26,Scanorama_9_sigma50_alpha0.05_knn20_norm..RNA..features_RNA.log.vst.split_Batch_ID.features.2500_cecde2cad8cccbc897f0fc1f10ea35bd,,2500
RNA,Scanorama,37.585,30.58,Scanorama_9_sigma50_alpha0.05_knn20_norm..RNA..features_RNA.log.vst.split_Batch_ID.features.3000_cecde2cad8cccbc897f0fc1f10ea35bd,,3000
RNA,Scanorama,37.27,18.61,Scanorama_9_sigma50_alpha0.05_knn20_norm..RNA..features_RNA.log.vst.split_Batch_ID.features.4000_cecde2cad8cccbc897f0fc1f10ea35bd,,4000
RNA,Scanorama,66.78,32.71,Scanorama_9_sigma50_alpha0.05_knn20_norm..RNA..features_RNA.log.vst.split_Batch_ID.features.500_cecde2cad8cccbc897f0fc1f10ea35bd,,500
RNA,Scanorama,65.79,50.84,Scanorama_9_sigma50_alpha0.05_knn20_norm..RNA..features_RNA.log.vst.split_Batch_ID.features.700_cecde2cad8cccbc897f0fc1f10ea35bd,,700
RNA,Scanorama,64.28,89.64,Scanorama_9_sigma50_alpha0.05_knn20_scale..RNA..features_RNA.log.vst.split_Batch_ID.features.1000_cecde2cad8cccbc897f0fc1f10ea35bd,,1000
RNA,Scanorama,56.88,96.28,Scanorama_9_sigma50_alpha0.05_knn20_scale..RNA..features_RNA.log.vst.split_Batch_ID.features.1500_cecde2cad8cccbc897f0fc1f10ea35bd,,1500
RNA,Scanorama,54.48,92.23,Scanorama_9_sigma50_alpha0.05_knn20_scale..RNA..features_RNA.log.vst.split_Batch_ID.features.2000_cecde2cad8cccbc897f0fc1f10ea35bd,,2000
RNA,Scanorama,52.875,83.97,Scanorama_9_sigma50_alpha0.05_knn20_scale..RNA..features_RNA.log.vst.split_Batch_ID.features.2500_cecde2cad8cccbc897f0fc1f10ea35bd,,2500
RNA,Scanorama,52.29,76.93,Scanorama_9_sigma50_alpha0.05_knn20_scale..RNA..features_RNA.log.vst.split_Batch_ID.features.3000_cecde2cad8cccbc897f0fc1f10ea35bd,,3000
RNA,Scanorama,49.875,69.72,Scanorama_9_sigma50_alpha0.05_knn20_scale..RNA..features_RNA.log.vst.split_Batch_ID.features.4000_cecde2cad8cccbc897f0fc1f10ea35bd,,4000
RNA,Scanorama,69.155,73,Scanorama_9_sigma50_alpha0.05_knn20_scale..RNA..features_RNA.log.vst.split_Batch_ID.features.500_cecde2cad8cccbc897f0fc1f10ea35bd,,500
RNA,Scanorama,66.65,66.33,Scanorama_9_sigma50_alpha0.05_knn20_scale..RNA..features_RNA.log.vst.split_Batch_ID.features.700_cecde2cad8cccbc897f0fc1f10ea35bd,,700
scVI,scVI,64.45,92.95,scVI_0_20_0.1_2_128_20..scVI..features_RNA.log.vst.split_Batch_ID.features.1000_66d324bdb66f9bc57722f3e7fb324222,,1000
scVI,scVI,62.195,92.32,scVI_0_20_0.1_2_128_20..scVI..features_RNA.log.vst.split_Batch_ID.features.1500_66d324bdb66f9bc57722f3e7fb324222,,1500
scVI,scVI,59.285,84.11,scVI_0_20_0.1_2_128_20..scVI..features_RNA.log.vst.split_Batch_ID.features.2000_66d324bdb66f9bc57722f3e7fb324222,,2000
scVI,scVI,57.895,86.99,scVI_0_20_0.1_2_128_20..scVI..features_RNA.log.vst.split_Batch_ID.features.2500_66d324bdb66f9bc57722f3e7fb324222,,2500
scVI,scVI,56.325,84.55,scVI_0_20_0.1_2_128_20..scVI..features_RNA.log.vst.split_Batch_ID.features.3000_66d324bdb66f9bc57722f3e7fb324222,,3000
scVI,scVI,55.72,82.23,scVI_0_20_0.1_2_128_20..scVI..features_RNA.log.vst.split_Batch_ID.features.4000_66d324bdb66f9bc57722f3e7fb324222,,4000
scVI,scVI,70.09,81.36,scVI_0_20_0.1_2_128_20..scVI..features_RNA.log.vst.split_Batch_ID.features.500_66d324bdb66f9bc57722f3e7fb324222,,500
scVI,scVI,67.555,87.03,scVI_0_20_0.1_2_128_20..scVI..features_RNA.log.vst.split_Batch_ID.features.700_66d324bdb66f9bc57722f3e7fb324222,,700
scVI,scVI,65.93,96.18,scVI_1_20_0.1_2_128_30..scVI..features_RNA.log.vst.split_Batch_ID.features.1000_66d324bdb66f9bc57722f3e7fb324222,,1000
scVI,scVI,62.805,93.19,scVI_1_20_0.1_2_128_30..scVI..features_RNA.log.vst.split_Batch_ID.features.1500_66d324bdb66f9bc57722f3e7fb324222,,1500
scVI,scVI,59.71,91.43,scVI_1_20_0.1_2_128_30..scVI..features_RNA.log.vst.split_Batch_ID.features.2000_66d324bdb66f9bc57722f3e7fb324222,,2000
scVI,scVI,56.87,88.51,scVI_1_20_0.1_2_128_30..scVI..features_RNA.log.vst.split_Batch_ID.features.2500_66d324bdb66f9bc57722f3e7fb324222,,2500
scVI,scVI,56.51,86.35,scVI_1_20_0.1_2_128_30..scVI..features_RNA.log.vst.split_Batch_ID.features.3000_66d324bdb66f9bc57722f3e7fb324222,,3000
scVI,scVI,55.61,88.5,scVI_1_20_0.1_2_128_30..scVI..features_RNA.log.vst.split_Batch_ID.features.4000_66d324bdb66f9bc57722f3e7fb324222,,4000
scVI,scVI,70.54,87.97,scVI_1_20_0.1_2_128_30..scVI..features_RNA.log.vst.split_Batch_ID.features.500_66d324bdb66f9bc57722f3e7fb324222,,500
scVI,scVI,68.01,91.84,scVI_1_20_0.1_2_128_30..scVI..features_RNA.log.vst.split_Batch_ID.features.700_66d324bdb66f9bc57722f3e7fb324222,,700
scVI,scVI,67.13,97.7,scVI_2_20_0.1_2_128_50..scVI..features_RNA.log.vst.split_Batch_ID.features.1000_66d324bdb66f9bc57722f3e7fb324222,,1000
scVI,scVI,62.915,94.62,scVI_2_20_0.1_2_128_50..scVI..features_RNA.log.vst.split_Batch_ID.features.1500_66d324bdb66f9bc57722f3e7fb324222,,1500
scVI,scVI,61.45,94.13,scVI_2_20_0.1_2_128_50..scVI..features_RNA.log.vst.split_Batch_ID.features.2000_66d324bdb66f9bc57722f3e7fb324222,,2000
scVI,scVI,58.58,93.02,scVI_2_20_0.1_2_128_50..scVI..features_RNA.log.vst.split_Batch_ID.features.2500_66d324bdb66f9bc57722f3e7fb324222,,2500
scVI,scVI,56.965,93.94,scVI_2_20_0.1_2_128_50..scVI..features_RNA.log.vst.split_Batch_ID.features.3000_66d324bdb66f9bc57722f3e7fb324222,,3000
scVI,scVI,55.785,86.27,scVI_2_20_0.1_2_128_50..scVI..features_RNA.log.vst.split_Batch_ID.features.4000_66d324bdb66f9bc57722f3e7fb324222,,4000
scVI,scVI,70.18,97.37,scVI_2_20_0.1_2_128_50..scVI..features_RNA.log.vst.split_Batch_ID.features.500_66d324bdb66f9bc57722f3e7fb324222,,500
scVI,scVI,70.175,90.69,scVI_2_20_0.1_2_128_50..scVI..features_RNA.log.vst.split_Batch_ID.features.700_66d324bdb66f9bc57722f3e7fb324222,,700
scVI,scVI,66.875,92.52,scVI_3_40_0.1_2_128_20..scVI..features_RNA.log.vst.split_Batch_ID.features.1000_66d324bdb66f9bc57722f3e7fb324222,,1000
scVI,scVI,62.995,93.61,scVI_3_40_0.1_2_128_20..scVI..features_RNA.log.vst.split_Batch_ID.features.1500_66d324bdb66f9bc57722f3e7fb324222,,1500
scVI,scVI,61.395,91.52,scVI_3_40_0.1_2_128_20..scVI..features_RNA.log.vst.split_Batch_ID.features.2000_66d324bdb66f9bc57722f3e7fb324222,,2000
scVI,scVI,59.325,88.04,scVI_3_40_0.1_2_128_20..scVI..features_RNA.log.vst.split_Batch_ID.features.2500_66d324bdb66f9bc57722f3e7fb324222,,2500
scVI,scVI,58.455,87.91,scVI_3_40_0.1_2_128_20..scVI..features_RNA.log.vst.split_Batch_ID.features.3000_66d324bdb66f9bc57722f3e7fb324222,,3000
scVI,scVI,56.245,90.41,scVI_3_40_0.1_2_128_20..scVI..features_RNA.log.vst.split_Batch_ID.features.4000_66d324bdb66f9bc57722f3e7fb324222,,4000
scVI,scVI,71.385,87.42,scVI_3_40_0.1_2_128_20..scVI..features_RNA.log.vst.split_Batch_ID.features.500_66d324bdb66f9bc57722f3e7fb324222,,500
scVI,scVI,69.56,92.21,scVI_3_40_0.1_2_128_20..scVI..features_RNA.log.vst.split_Batch_ID.features.700_66d324bdb66f9bc57722f3e7fb324222,,700
scVI,scVI,68.54,95.49,scVI_4_40_0.1_2_128_30..scVI..features_RNA.log.vst.split_Batch_ID.features.1000_66d324bdb66f9bc57722f3e7fb324222,,1000
scVI,scVI,65.74,98.42,scVI_4_40_0.1_2_128_30..scVI..features_RNA.log.vst.split_Batch_ID.features.1500_66d324bdb66f9bc57722f3e7fb324222,,1500
scVI,scVI,63.095,91.53,scVI_4_40_0.1_2_128_30..scVI..features_RNA.log.vst.split_Batch_ID.features.2000_66d324bdb66f9bc57722f3e7fb324222,,2000
scVI,scVI,60.835,89.63,scVI_4_40_0.1_2_128_30..scVI..features_RNA.log.vst.split_Batch_ID.features.2500_66d324bdb66f9bc57722f3e7fb324222,,2500
RNA,harmony,90.71,-10.62,harmony_13_Batch_ID_5_0.05_85_PCA..RNA..30..RNA.log.vst.split_Batch_ID.features.3000_43201fbe88d7bcada8878ffe4d26c21f,30,3000
RNA,harmony,90.77,-25.46,harmony_13_Batch_ID_5_0.05_85_PCA..RNA..30..RNA.log.vst.split_Batch_ID.features.4000_43201fbe88d7bcada8878ffe4d26c21f,30,4000
RNA,harmony,94.19,37.76,harmony_13_Batch_ID_5_0.05_85_PCA..RNA..30..RNA.log.vst.split_Batch_ID.features.500_43201fbe88d7bcada8878ffe4d26c21f,30,500
RNA,harmony,93.6,24.98,harmony_13_Batch_ID_5_0.05_85_PCA..RNA..30..RNA.log.vst.split_Batch_ID.features.700_43201fbe88d7bcada8878ffe4d26c21f,30,700
RNA,harmony,92.89,60.09,harmony_13_Batch_ID_5_0.05_85_PCA..RNA..50..RNA.log.vst.split_Batch_ID.features.1000_43201fbe88d7bcada8878ffe4d26c21f,50,1000
RNA,harmony,92.435,59.74,harmony_13_Batch_ID_5_0.05_85_PCA..RNA..50..RNA.log.vst.split_Batch_ID.features.1500_43201fbe88d7bcada8878ffe4d26c21f,50,1500
RNA,harmony,91.315,49.8,harmony_13_Batch_ID_5_0.05_85_PCA..RNA..50..RNA.log.vst.split_Batch_ID.features.2000_43201fbe88d7bcada8878ffe4d26c21f,50,2000
RNA,harmony,90.43,48.09,harmony_13_Batch_ID_5_0.05_85_PCA..RNA..50..RNA.log.vst.split_Batch_ID.features.2500_43201fbe88d7bcada8878ffe4d26c21f,50,2500
RNA,harmony,89.835,49.52,harmony_13_Batch_ID_5_0.05_85_PCA..RNA..50..RNA.log.vst.split_Batch_ID.features.3000_43201fbe88d7bcada8878ffe4d26c21f,50,3000
RNA,harmony,88.55,47.28,harmony_13_Batch_ID_5_0.05_85_PCA..RNA..50..RNA.log.vst.split_Batch_ID.features.4000_43201fbe88d7bcada8878ffe4d26c21f,50,4000
RNA,harmony,93.24,58.94,harmony_13_Batch_ID_5_0.05_85_PCA..RNA..50..RNA.log.vst.split_Batch_ID.features.500_43201fbe88d7bcada8878ffe4d26c21f,50,500
RNA,harmony,92.625,57.41,harmony_13_Batch_ID_5_0.05_85_PCA..RNA..50..RNA.log.vst.split_Batch_ID.features.700_43201fbe88d7bcada8878ffe4d26c21f,50,700
RNA,harmony,86.395,38.65,harmony_14_Batch_ID_5_0.1_85_PCA..RNA..30..RNA.log.vst.split_Batch_ID.features.1000_43201fbe88d7bcada8878ffe4d26c21f,30,1000
RNA,harmony,84.815,32.07,harmony_14_Batch_ID_5_0.1_85_PCA..RNA..30..RNA.log.vst.split_Batch_ID.features.1500_43201fbe88d7bcada8878ffe4d26c21f,30,1500
RNA,harmony,82.855,22.19,harmony_14_Batch_ID_5_0.1_85_PCA..RNA..30..RNA.log.vst.split_Batch_ID.features.2000_43201fbe88d7bcada8878ffe4d26c21f,30,2000
RNA,harmony,81.05,0.5,harmony_14_Batch_ID_5_0.1_85_PCA..RNA..30..RNA.log.vst.split_Batch_ID.features.2500_43201fbe88d7bcada8878ffe4d26c21f,30,2500
RNA,harmony,80.325,-3.55,harmony_14_Batch_ID_5_0.1_85_PCA..RNA..30..RNA.log.vst.split_Batch_ID.features.3000_43201fbe88d7bcada8878ffe4d26c21f,30,3000
RNA,harmony,80.2,-20.2,harmony_14_Batch_ID_5_0.1_85_PCA..RNA..30..RNA.log.vst.split_Batch_ID.features.4000_43201fbe88d7bcada8878ffe4d26c21f,30,4000
RNA,harmony,88.12,41.98,harmony_14_Batch_ID_5_0.1_85_PCA..RNA..30..RNA.log.vst.split_Batch_ID.features.500_43201fbe88d7bcada8878ffe4d26c21f,30,500
RNA,harmony,86.37,40.96,harmony_14_Batch_ID_5_0.1_85_PCA..RNA..30..RNA.log.vst.split_Batch_ID.features.700_43201fbe88d7bcada8878ffe4d26c21f,30,700
RNA,harmony,84.015,65.03,harmony_14_Batch_ID_5_0.1_85_PCA..RNA..50..RNA.log.vst.split_Batch_ID.features.1000_43201fbe88d7bcada8878ffe4d26c21f,50,1000
RNA,harmony,82.49,71.1,harmony_14_Batch_ID_5_0.1_85_PCA..RNA..50..RNA.log.vst.split_Batch_ID.features.1500_43201fbe88d7bcada8878ffe4d26c21f,50,1500
RNA,harmony,80.465,78.08,harmony_14_Batch_ID_5_0.1_85_PCA..RNA..50..RNA.log.vst.split_Batch_ID.features.2000_43201fbe88d7bcada8878ffe4d26c21f,50,2000
RNA,harmony,78.035,68.92,harmony_14_Batch_ID_5_0.1_85_PCA..RNA..50..RNA.log.vst.split_Batch_ID.features.2500_43201fbe88d7bcada8878ffe4d26c21f,50,2500
RNA,harmony,76.98,60.67,harmony_14_Batch_ID_5_0.1_85_PCA..RNA..50..RNA.log.vst.split_Batch_ID.features.3000_43201fbe88d7bcada8878ffe4d26c21f,50,3000
RNA,harmony,75.47,57.99,harmony_14_Batch_ID_5_0.1_85_PCA..RNA..50..RNA.log.vst.split_Batch_ID.features.4000_43201fbe88d7bcada8878ffe4d26c21f,50,4000
RNA,harmony,86.265,66.29,harmony_14_Batch_ID_5_0.1_85_PCA..RNA..50..RNA.log.vst.split_Batch_ID.features.500_43201fbe88d7bcada8878ffe4d26c21f,50,500
RNA,harmony,84.755,60.21,harmony_14_Batch_ID_5_0.1_85_PCA..RNA..50..RNA.log.vst.split_Batch_ID.features.700_43201fbe88d7bcada8878ffe4d26c21f,50,700
RNA,harmony,81.37,38.01,harmony_15_Batch_ID_5_0.125_85_PCA..RNA..30..RNA.log.vst.split_Batch_ID.features.1000_43201fbe88d7bcada8878ffe4d26c21f,30,1000
RNA,harmony,78.83,34.28,harmony_15_Batch_ID_5_0.125_85_PCA..RNA..30..RNA.log.vst.split_Batch_ID.features.1500_43201fbe88d7bcada8878ffe4d26c21f,30,1500
RNA,harmony,77.42,23.17,harmony_15_Batch_ID_5_0.125_85_PCA..RNA..30..RNA.log.vst.split_Batch_ID.features.2000_43201fbe88d7bcada8878ffe4d26c21f,30,2000
RNA,harmony,76.485,4.08,harmony_15_Batch_ID_5_0.125_85_PCA..RNA..30..RNA.log.vst.split_Batch_ID.features.2500_43201fbe88d7bcada8878ffe4d26c21f,30,2500
RNA,harmony,75.625,-1.51,harmony_15_Batch_ID_5_0.125_85_PCA..RNA..30..RNA.log.vst.split_Batch_ID.features.3000_43201fbe88d7bcada8878ffe4d26c21f,30,3000
RNA,harmony,75.725,-16.18,harmony_15_Batch_ID_5_0.125_85_PCA..RNA..30..RNA.log.vst.split_Batch_ID.features.4000_43201fbe88d7bcada8878ffe4d26c21f,30,4000
RNA,harmony,83.555,47.21,harmony_15_Batch_ID_5_0.125_85_PCA..RNA..30..RNA.log.vst.split_Batch_ID.features.500_43201fbe88d7bcada8878ffe4d26c21f,30,500
RNA,harmony,82.535,41.36,harmony_15_Batch_ID_5_0.125_85_PCA..RNA..30..RNA.log.vst.split_Batch_ID.features.700_43201fbe88d7bcada8878ffe4d26c21f,30,700
RNA,harmony,78.095,74.83,harmony_15_Batch_ID_5_0.125_85_PCA..RNA..50..RNA.log.vst.split_Batch_ID.features.1000_43201fbe88d7bcada8878ffe4d26c21f,50,1000
RNA,harmony,75.715,84.43,harmony_15_Batch_ID_5_0.125_85_PCA..RNA..50..RNA.log.vst.split_Batch_ID.features.1500_43201fbe88d7bcada8878ffe4d26c21f,50,1500
RNA,harmony,73.73,77.22,harmony_15_Batch_ID_5_0.125_85_PCA..RNA..50..RNA.log.vst.split_Batch_ID.features.2000_43201fbe88d7bcada8878ffe4d26c21f,50,2000
RNA,harmony,71.815,74.64,harmony_15_Batch_ID_5_0.125_85_PCA..RNA..50..RNA.log.vst.split_Batch_ID.features.2500_43201fbe88d7bcada8878ffe4d26c21f,50,2500
RNA,harmony,71.255,63.33,harmony_15_Batch_ID_5_0.125_85_PCA..RNA..50..RNA.log.vst.split_Batch_ID.features.3000_43201fbe88d7bcada8878ffe4d26c21f,50,3000
RNA,harmony,69.995,59.2,harmony_15_Batch_ID_5_0.125_85_PCA..RNA..50..RNA.log.vst.split_Batch_ID.features.4000_43201fbe88d7bcada8878ffe4d26c21f,50,4000
RNA,harmony,81.685,70.57,harmony_15_Batch_ID_5_0.125_85_PCA..RNA..50..RNA.log.vst.split_Batch_ID.features.500_43201fbe88d7bcada8878ffe4d26c21f,50,500
RNA,harmony,80.76,68.18,harmony_15_Batch_ID_5_0.125_85_PCA..RNA..50..RNA.log.vst.split_Batch_ID.features.700_43201fbe88d7bcada8878ffe4d26c21f,50,700
RNA,harmony,88.695,42.57,harmony_2_Batch_ID_0.5_0.1_85_PCA..RNA..30..RNA.log.vst.split_Batch_ID.features.1000_43201fbe88d7bcada8878ffe4d26c21f,30,1000
RNA,harmony,87.68,35.67,harmony_2_Batch_ID_0.5_0.1_85_PCA..RNA..30..RNA.log.vst.split_Batch_ID.features.1500_43201fbe88d7bcada8878ffe4d26c21f,30,1500
RNA,harmony,86.65,21.72,harmony_2_Batch_ID_0.5_0.1_85_PCA..RNA..30..RNA.log.vst.split_Batch_ID.features.2000_43201fbe88d7bcada8878ffe4d26c21f,30,2000
RNA,harmony,85.745,7.83,harmony_2_Batch_ID_0.5_0.1_85_PCA..RNA..30..RNA.log.vst.split_Batch_ID.features.2500_43201fbe88d7bcada8878ffe4d26c21f,30,2500
RNA,harmony,84.11,3.3,harmony_2_Batch_ID_0.5_0.1_85_PCA..RNA..30..RNA.log.vst.split_Batch_ID.features.3000_43201fbe88d7bcada8878ffe4d26c21f,30,3000
RNA,harmony,84.905,-17.56,harmony_2_Batch_ID_0.5_0.1_85_PCA..RNA..30..RNA.log.vst.split_Batch_ID.features.4000_43201fbe88d7bcada8878ffe4d26c21f,30,4000
RNA,harmony,91.655,5.44,harmony_10_Batch_ID_3_0.05_85_PCA..RNA..30..RNA.log.vst.split_Batch_ID.features.2000_43201fbe88d7bcada8878ffe4d26c21f,30,2000
RNA,harmony,91.135,-0.71,harmony_10_Batch_ID_3_0.05_85_PCA..RNA..30..RNA.log.vst.split_Batch_ID.features.2500_43201fbe88d7bcada8878ffe4d26c21f,30,2500
RNA,harmony,90.9,-8.34,harmony_10_Batch_ID_3_0.05_85_PCA..RNA..30..RNA.log.vst.split_Batch_ID.features.3000_43201fbe88d7bcada8878ffe4d26c21f,30,3000
RNA,harmony,90.54,-24.7,harmony_10_Batch_ID_3_0.05_85_PCA..RNA..30..RNA.log.vst.split_Batch_ID.features.4000_43201fbe88d7bcada8878ffe4d26c21f,30,4000
RNA,harmony,93.27,33.83,harmony_10_Batch_ID_3_0.05_85_PCA..RNA..30..RNA.log.vst.split_Batch_ID.features.500_43201fbe88d7bcada8878ffe4d26c21f,30,500
RNA,harmony,92.855,28.64,harmony_10_Batch_ID_3_0.05_85_PCA..RNA..30..RNA.log.vst.split_Batch_ID.features.700_43201fbe88d7bcada8878ffe4d26c21f,30,700
RNA,harmony,92.335,53.27,harmony_10_Batch_ID_3_0.05_85_PCA..RNA..50..RNA.log.vst.split_Batch_ID.features.1000_43201fbe88d7bcada8878ffe4d26c21f,50,1000
RNA,harmony,91.51,59.43,harmony_10_Batch_ID_3_0.05_85_PCA..RNA..50..RNA.log.vst.split_Batch_ID.features.1500_43201fbe88d7bcada8878ffe4d26c21f,50,1500
RNA,harmony,90.85,52.25,harmony_10_Batch_ID_3_0.05_85_PCA..RNA..50..RNA.log.vst.split_Batch_ID.features.2000_43201fbe88d7bcada8878ffe4d26c21f,50,2000
RNA,harmony,89.895,50.02,harmony_10_Batch_ID_3_0.05_85_PCA..RNA..50..RNA.log.vst.split_Batch_ID.features.2500_43201fbe88d7bcada8878ffe4d26c21f,50,2500
RNA,harmony,89.58,50.15,harmony_10_Batch_ID_3_0.05_85_PCA..RNA..50..RNA.log.vst.split_Batch_ID.features.3000_43201fbe88d7bcada8878ffe4d26c21f,50,3000
RNA,harmony,88.91,48.2,harmony_10_Batch_ID_3_0.05_85_PCA..RNA..50..RNA.log.vst.split_Batch_ID.features.4000_43201fbe88d7bcada8878ffe4d26c21f,50,4000
RNA,harmony,92.095,59.75,harmony_10_Batch_ID_3_0.05_85_PCA..RNA..50..RNA.log.vst.split_Batch_ID.features.500_43201fbe88d7bcada8878ffe4d26c21f,50,500
RNA,harmony,91.975,57.95,harmony_10_Batch_ID_3_0.05_85_PCA..RNA..50..RNA.log.vst.split_Batch_ID.features.700_43201fbe88d7bcada8878ffe4d26c21f,50,700
RNA,harmony,86.81,41.59,harmony_11_Batch_ID_3_0.1_85_PCA..RNA..30..RNA.log.vst.split_Batch_ID.features.1000_43201fbe88d7bcada8878ffe4d26c21f,30,1000
RNA,harmony,85.14,32.37,harmony_11_Batch_ID_3_0.1_85_PCA..RNA..30..RNA.log.vst.split_Batch_ID.features.1500_43201fbe88d7bcada8878ffe4d26c21f,30,1500
RNA,harmony,83.905,22.28,harmony_11_Batch_ID_3_0.1_85_PCA..RNA..30..RNA.log.vst.split_Batch_ID.features.2000_43201fbe88d7bcada8878ffe4d26c21f,30,2000
RNA,harmony,82.715,1.38,harmony_11_Batch_ID_3_0.1_85_PCA..RNA..30..RNA.log.vst.split_Batch_ID.features.2500_43201fbe88d7bcada8878ffe4d26c21f,30,2500
RNA,harmony,81.675,-4.6,harmony_11_Batch_ID_3_0.1_85_PCA..RNA..30..RNA.log.vst.split_Batch_ID.features.3000_43201fbe88d7bcada8878ffe4d26c21f,30,3000
RNA,harmony,81.275,-19.91,harmony_11_Batch_ID_3_0.1_85_PCA..RNA..30..RNA.log.vst.split_Batch_ID.features.4000_43201fbe88d7bcada8878ffe4d26c21f,30,4000
RNA,harmony,88.05,46.72,harmony_11_Batch_ID_3_0.1_85_PCA..RNA..30..RNA.log.vst.split_Batch_ID.features.500_43201fbe88d7bcada8878ffe4d26c21f,30,500
RNA,harmony,87.745,40.07,harmony_11_Batch_ID_3_0.1_85_PCA..RNA..30..RNA.log.vst.split_Batch_ID.features.700_43201fbe88d7bcada8878ffe4d26c21f,30,700
RNA,harmony,85.285,67.19,harmony_11_Batch_ID_3_0.1_85_PCA..RNA..50..RNA.log.vst.split_Batch_ID.features.1000_43201fbe88d7bcada8878ffe4d26c21f,50,1000
RNA,harmony,83.07,70.03,harmony_11_Batch_ID_3_0.1_85_PCA..RNA..50..RNA.log.vst.split_Batch_ID.features.1500_43201fbe88d7bcada8878ffe4d26c21f,50,1500
RNA,harmony,81.53,77.95,harmony_11_Batch_ID_3_0.1_85_PCA..RNA..50..RNA.log.vst.split_Batch_ID.features.2000_43201fbe88d7bcada8878ffe4d26c21f,50,2000
RNA,harmony,80.155,68,harmony_11_Batch_ID_3_0.1_85_PCA..RNA..50..RNA.log.vst.split_Batch_ID.features.2500_43201fbe88d7bcada8878ffe4d26c21f,50,2500
RNA,harmony,78.91,61.72,harmony_11_Batch_ID_3_0.1_85_PCA..RNA..50..RNA.log.vst.split_Batch_ID.features.3000_43201fbe88d7bcada8878ffe4d26c21f,50,3000
RNA,harmony,76.62,59.46,harmony_11_Batch_ID_3_0.1_85_PCA..RNA..50..RNA.log.vst.split_Batch_ID.features.4000_43201fbe88d7bcada8878ffe4d26c21f,50,4000
RNA,harmony,86.985,68.81,harmony_11_Batch_ID_3_0.1_85_PCA..RNA..50..RNA.log.vst.split_Batch_ID.features.500_43201fbe88d7bcada8878ffe4d26c21f,50,500
RNA,harmony,86.375,60.47,harmony_11_Batch_ID_3_0.1_85_PCA..RNA..50..RNA.log.vst.split_Batch_ID.features.700_43201fbe88d7bcada8878ffe4d26c21f,50,700
RNA,harmony,83.305,42.67,harmony_12_Batch_ID_3_0.125_85_PCA..RNA..30..RNA.log.vst.split_Batch_ID.features.1000_43201fbe88d7bcada8878ffe4d26c21f,30,1000
RNA,harmony,81.38,36.64,harmony_12_Batch_ID_3_0.125_85_PCA..RNA..30..RNA.log.vst.split_Batch_ID.features.1500_43201fbe88d7bcada8878ffe4d26c21f,30,1500
RNA,harmony,80.065,23.09,harmony_12_Batch_ID_3_0.125_85_PCA..RNA..30..RNA.log.vst.split_Batch_ID.features.2000_43201fbe88d7bcada8878ffe4d26c21f,30,2000
RNA,harmony,79.23,4.74,harmony_12_Batch_ID_3_0.125_85_PCA..RNA..30..RNA.log.vst.split_Batch_ID.features.2500_43201fbe88d7bcada8878ffe4d26c21f,30,2500
RNA,harmony,77.9,-1.47,harmony_12_Batch_ID_3_0.125_85_PCA..RNA..30..RNA.log.vst.split_Batch_ID.features.3000_43201fbe88d7bcada8878ffe4d26c21f,30,3000
RNA,harmony,77.815,-16.11,harmony_12_Batch_ID_3_0.125_85_PCA..RNA..30..RNA.log.vst.split_Batch_ID.features.4000_43201fbe88d7bcada8878ffe4d26c21f,30,4000
RNA,harmony,84.15,49.85,harmony_12_Batch_ID_3_0.125_85_PCA..RNA..30..RNA.log.vst.split_Batch_ID.features.500_43201fbe88d7bcada8878ffe4d26c21f,30,500
RNA,harmony,83.845,43.75,harmony_12_Batch_ID_3_0.125_85_PCA..RNA..30..RNA.log.vst.split_Batch_ID.features.700_43201fbe88d7bcada8878ffe4d26c21f,30,700
RNA,harmony,79.64,81.27,harmony_12_Batch_ID_3_0.125_85_PCA..RNA..50..RNA.log.vst.split_Batch_ID.features.1000_43201fbe88d7bcada8878ffe4d26c21f,50,1000
RNA,harmony,78.005,83.62,harmony_12_Batch_ID_3_0.125_85_PCA..RNA..50..RNA.log.vst.split_Batch_ID.features.1500_43201fbe88d7bcada8878ffe4d26c21f,50,1500
RNA,harmony,74.975,82.88,harmony_12_Batch_ID_3_0.125_85_PCA..RNA..50..RNA.log.vst.split_Batch_ID.features.2000_43201fbe88d7bcada8878ffe4d26c21f,50,2000
RNA,harmony,75.435,71.31,harmony_12_Batch_ID_3_0.125_85_PCA..RNA..50..RNA.log.vst.split_Batch_ID.features.2500_43201fbe88d7bcada8878ffe4d26c21f,50,2500
RNA,harmony,72.95,66.21,harmony_12_Batch_ID_3_0.125_85_PCA..RNA..50..RNA.log.vst.split_Batch_ID.features.3000_43201fbe88d7bcada8878ffe4d26c21f,50,3000
RNA,harmony,72.045,59.3,harmony_12_Batch_ID_3_0.125_85_PCA..RNA..50..RNA.log.vst.split_Batch_ID.features.4000_43201fbe88d7bcada8878ffe4d26c21f,50,4000
RNA,harmony,83.53,68.35,harmony_12_Batch_ID_3_0.125_85_PCA..RNA..50..RNA.log.vst.split_Batch_ID.features.500_43201fbe88d7bcada8878ffe4d26c21f,50,500
RNA,harmony,81.815,68.51,harmony_12_Batch_ID_3_0.125_85_PCA..RNA..50..RNA.log.vst.split_Batch_ID.features.700_43201fbe88d7bcada8878ffe4d26c21f,50,700
RNA,harmony,93.475,29.95,harmony_13_Batch_ID_5_0.05_85_PCA..RNA..30..RNA.log.vst.split_Batch_ID.features.1000_43201fbe88d7bcada8878ffe4d26c21f,30,1000
RNA,harmony,93.075,15.78,harmony_13_Batch_ID_5_0.05_85_PCA..RNA..30..RNA.log.vst.split_Batch_ID.features.1500_43201fbe88d7bcada8878ffe4d26c21f,30,1500
RNA,harmony,92.135,5.6,harmony_13_Batch_ID_5_0.05_85_PCA..RNA..30..RNA.log.vst.split_Batch_ID.features.2000_43201fbe88d7bcada8878ffe4d26c21f,30,2000
RNA,harmony,91.36,-5.94,harmony_13_Batch_ID_5_0.05_85_PCA..RNA..30..RNA.log.vst.split_Batch_ID.features.2500_43201fbe88d7bcada8878ffe4d26c21f,30,2500
RNA,harmony,84.805,69.61,harmony_8_Batch_ID_2_0.1_85_PCA..RNA..50..RNA.log.vst.split_Batch_ID.features.1500_43201fbe88d7bcada8878ffe4d26c21f,50,1500
RNA,harmony,82.155,76.2,harmony_8_Batch_ID_2_0.1_85_PCA..RNA..50..RNA.log.vst.split_Batch_ID.features.2000_43201fbe88d7bcada8878ffe4d26c21f,50,2000
RNA,harmony,81.49,69.78,harmony_8_Batch_ID_2_0.1_85_PCA..RNA..50..RNA.log.vst.split_Batch_ID.features.2500_43201fbe88d7bcada8878ffe4d26c21f,50,2500
RNA,harmony,80.965,61.84,harmony_8_Batch_ID_2_0.1_85_PCA..RNA..50..RNA.log.vst.split_Batch_ID.features.3000_43201fbe88d7bcada8878ffe4d26c21f,50,3000
RNA,harmony,78.26,58.9,harmony_8_Batch_ID_2_0.1_85_PCA..RNA..50..RNA.log.vst.split_Batch_ID.features.4000_43201fbe88d7bcada8878ffe4d26c21f,50,4000
RNA,harmony,87.93,69.26,harmony_8_Batch_ID_2_0.1_85_PCA..RNA..50..RNA.log.vst.split_Batch_ID.features.500_43201fbe88d7bcada8878ffe4d26c21f,50,500
RNA,harmony,87.45,63.02,harmony_8_Batch_ID_2_0.1_85_PCA..RNA..50..RNA.log.vst.split_Batch_ID.features.700_43201fbe88d7bcada8878ffe4d26c21f,50,700
RNA,harmony,84.545,42.92,harmony_9_Batch_ID_2_0.125_85_PCA..RNA..30..RNA.log.vst.split_Batch_ID.features.1000_43201fbe88d7bcada8878ffe4d26c21f,30,1000
RNA,harmony,83.46,36.09,harmony_9_Batch_ID_2_0.125_85_PCA..RNA..30..RNA.log.vst.split_Batch_ID.features.1500_43201fbe88d7bcada8878ffe4d26c21f,30,1500
RNA,harmony,81.185,22.27,harmony_9_Batch_ID_2_0.125_85_PCA..RNA..30..RNA.log.vst.split_Batch_ID.features.2000_43201fbe88d7bcada8878ffe4d26c21f,30,2000
RNA,harmony,80.99,8.6,harmony_9_Batch_ID_2_0.125_85_PCA..RNA..30..RNA.log.vst.split_Batch_ID.features.2500_43201fbe88d7bcada8878ffe4d26c21f,30,2500
RNA,harmony,78.77,0.37,harmony_9_Batch_ID_2_0.125_85_PCA..RNA..30..RNA.log.vst.split_Batch_ID.features.3000_43201fbe88d7bcada8878ffe4d26c21f,30,3000
RNA,harmony,78.88,-15.91,harmony_9_Batch_ID_2_0.125_85_PCA..RNA..30..RNA.log.vst.split_Batch_ID.features.4000_43201fbe88d7bcada8878ffe4d26c21f,30,4000
RNA,harmony,86.195,47.76,harmony_9_Batch_ID_2_0.125_85_PCA..RNA..30..RNA.log.vst.split_Batch_ID.features.500_43201fbe88d7bcada8878ffe4d26c21f,30,500
RNA,harmony,84.75,42.78,harmony_9_Batch_ID_2_0.125_85_PCA..RNA..30..RNA.log.vst.split_Batch_ID.features.700_43201fbe88d7bcada8878ffe4d26c21f,30,700
RNA,harmony,80.87,80.81,harmony_9_Batch_ID_2_0.125_85_PCA..RNA..50..RNA.log.vst.split_Batch_ID.features.1000_43201fbe88d7bcada8878ffe4d26c21f,50,1000
RNA,harmony,78.805,83.14,harmony_9_Batch_ID_2_0.125_85_PCA..RNA..50..RNA.log.vst.split_Batch_ID.features.1500_43201fbe88d7bcada8878ffe4d26c21f,50,1500
RNA,harmony,77.49,78.27,harmony_9_Batch_ID_2_0.125_85_PCA..RNA..50..RNA.log.vst.split_Batch_ID.features.2000_43201fbe88d7bcada8878ffe4d26c21f,50,2000
RNA,harmony,76.135,73.3,harmony_9_Batch_ID_2_0.125_85_PCA..RNA..50..RNA.log.vst.split_Batch_ID.features.2500_43201fbe88d7bcada8878ffe4d26c21f,50,2500
RNA,harmony,74.42,69.1,harmony_9_Batch_ID_2_0.125_85_PCA..RNA..50..RNA.log.vst.split_Batch_ID.features.3000_43201fbe88d7bcada8878ffe4d26c21f,50,3000
RNA,harmony,73.325,62.86,harmony_9_Batch_ID_2_0.125_85_PCA..RNA..50..RNA.log.vst.split_Batch_ID.features.4000_43201fbe88d7bcada8878ffe4d26c21f,50,4000
RNA,harmony,84.67,69.72,harmony_9_Batch_ID_2_0.125_85_PCA..RNA..50..RNA.log.vst.split_Batch_ID.features.500_43201fbe88d7bcada8878ffe4d26c21f,50,500
RNA,harmony,83.645,68.38,harmony_9_Batch_ID_2_0.125_85_PCA..RNA..50..RNA.log.vst.split_Batch_ID.features.700_43201fbe88d7bcada8878ffe4d26c21f,50,700
RNA,Raw,48.61,51.17,Raw_PCA..RNA..30..RNA.log.vst.split_Batch_ID.features.1000,30,1000
RNA,Raw,38.15,44.31,Raw_PCA..RNA..30..RNA.log.vst.split_Batch_ID.features.1500,30,1500
RNA,Raw,31.31,29.86,Raw_PCA..RNA..30..RNA.log.vst.split_Batch_ID.features.2000,30,2000
RNA,Raw,25.84,19.23,Raw_PCA..RNA..30..RNA.log.vst.split_Batch_ID.features.2500,30,2500
RNA,Raw,21.44,15.48,Raw_PCA..RNA..30..RNA.log.vst.split_Batch_ID.features.3000,30,3000
RNA,Raw,15.35,0.2,Raw_PCA..RNA..30..RNA.log.vst.split_Batch_ID.features.4000,30,4000
RNA,Raw,58.04,61.45,Raw_PCA..RNA..30..RNA.log.vst.split_Batch_ID.features.500,30,500
RNA,Raw,53.61,51.99,Raw_PCA..RNA..30..RNA.log.vst.split_Batch_ID.features.700,30,700
RNA,Raw,45.575,84.53,Raw_PCA..RNA..50..RNA.log.vst.split_Batch_ID.features.1000,50,1000
RNA,Raw,35.895,83.66,Raw_PCA..RNA..50..RNA.log.vst.split_Batch_ID.features.1500,50,1500
RNA,Raw,28.42,87.65,Raw_PCA..RNA..50..RNA.log.vst.split_Batch_ID.features.2000,50,2000
RNA,harmony,88.605,47.36,harmony_2_Batch_ID_0.5_0.1_85_PCA..RNA..30..RNA.log.vst.split_Batch_ID.features.500_43201fbe88d7bcada8878ffe4d26c21f,30,500
RNA,harmony,88.5,39.77,harmony_2_Batch_ID_0.5_0.1_85_PCA..RNA..30..RNA.log.vst.split_Batch_ID.features.700_43201fbe88d7bcada8878ffe4d26c21f,30,700
RNA,harmony,87.95,61.49,harmony_2_Batch_ID_0.5_0.1_85_PCA..RNA..50..RNA.log.vst.split_Batch_ID.features.1000_43201fbe88d7bcada8878ffe4d26c21f,50,1000
RNA,harmony,86.005,69.39,harmony_2_Batch_ID_0.5_0.1_85_PCA..RNA..50..RNA.log.vst.split_Batch_ID.features.1500_43201fbe88d7bcada8878ffe4d26c21f,50,1500
RNA,harmony,84.325,65.51,harmony_2_Batch_ID_0.5_0.1_85_PCA..RNA..50..RNA.log.vst.split_Batch_ID.features.2000_43201fbe88d7bcada8878ffe4d26c21f,50,2000
RNA,harmony,83.075,70.03,harmony_2_Batch_ID_0.5_0.1_85_PCA..RNA..50..RNA.log.vst.split_Batch_ID.features.2500_43201fbe88d7bcada8878ffe4d26c21f,50,2500
RNA,harmony,81.89,61.98,harmony_2_Batch_ID_0.5_0.1_85_PCA..RNA..50..RNA.log.vst.split_Batch_ID.features.3000_43201fbe88d7bcada8878ffe4d26c21f,50,3000
RNA,harmony,81.12,58.58,harmony_2_Batch_ID_0.5_0.1_85_PCA..RNA..50..RNA.log.vst.split_Batch_ID.features.4000_43201fbe88d7bcada8878ffe4d26c21f,50,4000
RNA,harmony,88,70.67,harmony_2_Batch_ID_0.5_0.1_85_PCA..RNA..50..RNA.log.vst.split_Batch_ID.features.500_43201fbe88d7bcada8878ffe4d26c21f,50,500
RNA,harmony,88.175,65.64,harmony_2_Batch_ID_0.5_0.1_85_PCA..RNA..50..RNA.log.vst.split_Batch_ID.features.700_43201fbe88d7bcada8878ffe4d26c21f,50,700
RNA,harmony,86.545,44.41,harmony_3_Batch_ID_0.5_0.125_85_PCA..RNA..30..RNA.log.vst.split_Batch_ID.features.1000_43201fbe88d7bcada8878ffe4d26c21f,30,1000
RNA,harmony,85.245,38.12,harmony_3_Batch_ID_0.5_0.125_85_PCA..RNA..30..RNA.log.vst.split_Batch_ID.features.1500_43201fbe88d7bcada8878ffe4d26c21f,30,1500
RNA,harmony,84.235,22.59,harmony_3_Batch_ID_0.5_0.125_85_PCA..RNA..30..RNA.log.vst.split_Batch_ID.features.2000_43201fbe88d7bcada8878ffe4d26c21f,30,2000
RNA,harmony,83.35,8.12,harmony_3_Batch_ID_0.5_0.125_85_PCA..RNA..30..RNA.log.vst.split_Batch_ID.features.2500_43201fbe88d7bcada8878ffe4d26c21f,30,2500
RNA,harmony,82.085,2.2,harmony_3_Batch_ID_0.5_0.125_85_PCA..RNA..30..RNA.log.vst.split_Batch_ID.features.3000_43201fbe88d7bcada8878ffe4d26c21f,30,3000
RNA,harmony,82.28,-15.57,harmony_3_Batch_ID_0.5_0.125_85_PCA..RNA..30..RNA.log.vst.split_Batch_ID.features.4000_43201fbe88d7bcada8878ffe4d26c21f,30,4000
RNA,harmony,87.285,49.31,harmony_3_Batch_ID_0.5_0.125_85_PCA..RNA..30..RNA.log.vst.split_Batch_ID.features.500_43201fbe88d7bcada8878ffe4d26c21f,30,500
RNA,harmony,86.595,41.94,harmony_3_Batch_ID_0.5_0.125_85_PCA..RNA..30..RNA.log.vst.split_Batch_ID.features.700_43201fbe88d7bcada8878ffe4d26c21f,30,700
RNA,harmony,84.885,71.26,harmony_3_Batch_ID_0.5_0.125_85_PCA..RNA..50..RNA.log.vst.split_Batch_ID.features.1000_43201fbe88d7bcada8878ffe4d26c21f,50,1000
RNA,harmony,82.845,80.01,harmony_3_Batch_ID_0.5_0.125_85_PCA..RNA..50..RNA.log.vst.split_Batch_ID.features.1500_43201fbe88d7bcada8878ffe4d26c21f,50,1500
RNA,harmony,81.275,78.15,harmony_3_Batch_ID_0.5_0.125_85_PCA..RNA..50..RNA.log.vst.split_Batch_ID.features.2000_43201fbe88d7bcada8878ffe4d26c21f,50,2000
RNA,harmony,80.105,70.61,harmony_3_Batch_ID_0.5_0.125_85_PCA..RNA..50..RNA.log.vst.split_Batch_ID.features.2500_43201fbe88d7bcada8878ffe4d26c21f,50,2500
RNA,harmony,78.64,62.67,harmony_3_Batch_ID_0.5_0.125_85_PCA..RNA..50..RNA.log.vst.split_Batch_ID.features.3000_43201fbe88d7bcada8878ffe4d26c21f,50,3000
RNA,harmony,78.045,59.56,harmony_3_Batch_ID_0.5_0.125_85_PCA..RNA..50..RNA.log.vst.split_Batch_ID.features.4000_43201fbe88d7bcada8878ffe4d26c21f,50,4000
RNA,harmony,86.32,73.49,harmony_3_Batch_ID_0.5_0.125_85_PCA..RNA..50..RNA.log.vst.split_Batch_ID.features.500_43201fbe88d7bcada8878ffe4d26c21f,50,500
RNA,harmony,85.545,70.22,harmony_3_Batch_ID_0.5_0.125_85_PCA..RNA..50..RNA.log.vst.split_Batch_ID.features.700_43201fbe88d7bcada8878ffe4d26c21f,50,700
RNA,harmony,91.905,31.61,harmony_4_Batch_ID_1_0.05_85_PCA..RNA..30..RNA.log.vst.split_Batch_ID.features.1000_43201fbe88d7bcada8878ffe4d26c21f,30,1000
RNA,harmony,91.44,23.25,harmony_4_Batch_ID_1_0.05_85_PCA..RNA..30..RNA.log.vst.split_Batch_ID.features.1500_43201fbe88d7bcada8878ffe4d26c21f,30,1500
RNA,harmony,91.455,6.2,harmony_4_Batch_ID_1_0.05_85_PCA..RNA..30..RNA.log.vst.split_Batch_ID.features.2000_43201fbe88d7bcada8878ffe4d26c21f,30,2000
RNA,harmony,91.26,-0.64,harmony_4_Batch_ID_1_0.05_85_PCA..RNA..30..RNA.log.vst.split_Batch_ID.features.2500_43201fbe88d7bcada8878ffe4d26c21f,30,2500
RNA,harmony,90.22,-6.53,harmony_4_Batch_ID_1_0.05_85_PCA..RNA..30..RNA.log.vst.split_Batch_ID.features.3000_43201fbe88d7bcada8878ffe4d26c21f,30,3000
RNA,harmony,90.635,-24.87,harmony_4_Batch_ID_1_0.05_85_PCA..RNA..30..RNA.log.vst.split_Batch_ID.features.4000_43201fbe88d7bcada8878ffe4d26c21f,30,4000
RNA,harmony,91.98,39.24,harmony_4_Batch_ID_1_0.05_85_PCA..RNA..30..RNA.log.vst.split_Batch_ID.features.500_43201fbe88d7bcada8878ffe4d26c21f,30,500
RNA,harmony,91.745,29.99,harmony_4_Batch_ID_1_0.05_85_PCA..RNA..30..RNA.log.vst.split_Batch_ID.features.700_43201fbe88d7bcada8878ffe4d26c21f,30,700
RNA,harmony,91.03,57.53,harmony_4_Batch_ID_1_0.05_85_PCA..RNA..50..RNA.log.vst.split_Batch_ID.features.1000_43201fbe88d7bcada8878ffe4d26c21f,50,1000
RNA,harmony,90.88,57.19,harmony_4_Batch_ID_1_0.05_85_PCA..RNA..50..RNA.log.vst.split_Batch_ID.features.1500_43201fbe88d7bcada8878ffe4d26c21f,50,1500
RNA,harmony,90.725,50.96,harmony_4_Batch_ID_1_0.05_85_PCA..RNA..50..RNA.log.vst.split_Batch_ID.features.2000_43201fbe88d7bcada8878ffe4d26c21f,50,2000
RNA,harmony,89.405,49.61,harmony_4_Batch_ID_1_0.05_85_PCA..RNA..50..RNA.log.vst.split_Batch_ID.features.2500_43201fbe88d7bcada8878ffe4d26c21f,50,2500
RNA,harmony,89.09,51.99,harmony_4_Batch_ID_1_0.05_85_PCA..RNA..50..RNA.log.vst.split_Batch_ID.features.3000_43201fbe88d7bcada8878ffe4d26c21f,50,3000
RNA,harmony,88.23,52.72,harmony_4_Batch_ID_1_0.05_85_PCA..RNA..50..RNA.log.vst.split_Batch_ID.features.4000_43201fbe88d7bcada8878ffe4d26c21f,50,4000
RNA,harmony,90.91,62.31,harmony_4_Batch_ID_1_0.05_85_PCA..RNA..50..RNA.log.vst.split_Batch_ID.features.500_43201fbe88d7bcada8878ffe4d26c21f,50,500
RNA,harmony,90.515,59.93,harmony_4_Batch_ID_1_0.05_85_PCA..RNA..50..RNA.log.vst.split_Batch_ID.features.700_43201fbe88d7bcada8878ffe4d26c21f,50,700
RNA,harmony,88.14,43.05,harmony_5_Batch_ID_1_0.1_85_PCA..RNA..30..RNA.log.vst.split_Batch_ID.features.1000_43201fbe88d7bcada8878ffe4d26c21f,30,1000
RNA,harmony,87.4,36.15,harmony_5_Batch_ID_1_0.1_85_PCA..RNA..30..RNA.log.vst.split_Batch_ID.features.1500_43201fbe88d7bcada8878ffe4d26c21f,30,1500
RNA,harmony,86.3,21.62,harmony_5_Batch_ID_1_0.1_85_PCA..RNA..30..RNA.log.vst.split_Batch_ID.features.2000_43201fbe88d7bcada8878ffe4d26c21f,30,2000
RNA,harmony,85.26,7.64,harmony_5_Batch_ID_1_0.1_85_PCA..RNA..30..RNA.log.vst.split_Batch_ID.features.2500_43201fbe88d7bcada8878ffe4d26c21f,30,2500
RNA,harmony,83.78,-1.97,harmony_5_Batch_ID_1_0.1_85_PCA..RNA..30..RNA.log.vst.split_Batch_ID.features.3000_43201fbe88d7bcada8878ffe4d26c21f,30,3000
RNA,harmony,83.775,-18.1,harmony_5_Batch_ID_1_0.1_85_PCA..RNA..30..RNA.log.vst.split_Batch_ID.features.4000_43201fbe88d7bcada8878ffe4d26c21f,30,4000
RNA,harmony,88.5,48.39,harmony_5_Batch_ID_1_0.1_85_PCA..RNA..30..RNA.log.vst.split_Batch_ID.features.500_43201fbe88d7bcada8878ffe4d26c21f,30,500
RNA,harmony,88.11,39.32,harmony_5_Batch_ID_1_0.1_85_PCA..RNA..30..RNA.log.vst.split_Batch_ID.features.700_43201fbe88d7bcada8878ffe4d26c21f,30,700
