gene,class,siteSet_name,pwm_name,total_pwms_in_gene,n_transcripts,pwms_per_transcript
Tcea1,Background,MA0018.1,CREB1,1,1,1
Tcea1,Background,MA0018.2,CREB1,6,1,6
Gm10925,Background,MA0018.1,CREB1,4,1,4
Gm10925,Background,MA0018.2,CREB1,7,1,7
Pdcl3,Background,MA0018.1,CREB1,3,1,3
Pdcl3,Background,MA0018.2,CREB1,8,1,8
Inpp1,Background,MA0018.1,CREB1,18,4,4.5
Inpp1,Background,MA0018.2,CREB1,28,4,7
Rftn2,Background,MA0018.1,CREB1,2,1,2
Rftn2,Background,MA0018.2,CREB1,7,1,7
Aox3,Background,MA0018.1,CREB1,4,2,2
Aox3,Background,MA0018.2,CREB1,11,2,5.5
Wdr12,Background,MA0018.2,CREB1,2,1,2
Sphkap,Background,MA0018.1,CREB1,8,3,2.66666666666667
Sphkap,Background,MA0018.2,CREB1,20,3,6.66666666666667
Pid1,Background,MA0018.2,CREB1,11,4,2.75
Pid1,Background,MA0018.1,CREB1,4,4,1
Dgkd,Background,MA0018.1,CREB1,2,1,2
Dgkd,Background,MA0018.2,CREB1,5,1,5
Agap1,Background,MA0018.1,CREB1,10,2,5
Agap1,Background,MA0018.2,CREB1,14,2,7
Per2,IEGs,MA0018.1,CREB1,14,1,14
Per2,IEGs,MA0018.2,CREB1,13,1,13
Bok,Background,MA0018.1,CREB1,3,2,1.5
Bok,Background,MA0018.2,CREB1,8,2,4
Cdh20,Background,MA0018.1,CREB1,3,1,3
Cdh20,Background,MA0018.2,CREB1,5,1,5
Kdsr,Background,MA0018.1,CREB1,3,2,1.5
Kdsr,Background,MA0018.2,CREB1,8,2,4
Cdh7,Background,MA0018.1,CREB1,8,2,4
Cdh7,Background,MA0018.2,CREB1,6,2,3
Dsel,Background,MA0018.1,CREB1,2,1,2
Dsel,Background,MA0018.2,CREB1,6,1,6
Tfcp2l1,Background,MA0018.1,CREB1,5,2,2.5
Tfcp2l1,Background,MA0018.2,CREB1,17,2,8.5
Actr3,Background,MA0018.1,CREB1,9,3,3
Actr3,Background,MA0018.2,CREB1,17,3,5.66666666666667
Ccnt2,Background,MA0018.1,CREB1,6,1,6
Ccnt2,Background,MA0018.2,CREB1,4,1,4
R3hdm1,Background,MA0018.1,CREB1,11,5,2.2
R3hdm1,Background,MA0018.2,CREB1,30,5,6
Mapkapk2,Background,MA0018.1,CREB1,22,4,5.5
Mapkapk2,Background,MA0018.2,CREB1,23,4,5.75
Ikbke,IEGs,MA0018.1,CREB1,3,2,1.5
Ikbke,IEGs,MA0018.2,CREB1,11,2,5.5
Snrpe,Background,MA0018.1,CREB1,5,1,5
Snrpe,Background,MA0018.2,CREB1,9,1,9
Btg2,IEGs,MA0018.1,CREB1,7,1,7
Btg2,IEGs,MA0018.2,CREB1,7,1,7
Gpr37l1,Background,MA0018.1,CREB1,7,2,3.5
Gpr37l1,Background,MA0018.2,CREB1,8,2,4
Timm17a,Background,MA0018.1,CREB1,1,1,1
Timm17a,Background,MA0018.2,CREB1,6,1,6
B3galt2,Background,MA0018.1,CREB1,3,2,1.5
B3galt2,Background,MA0018.2,CREB1,13,2,6.5
Rgs2,IEGs,MA0018.1,CREB1,7,1,7
Rgs2,IEGs,MA0018.2,CREB1,8,1,8
Rgs1,IEGs,MA0018.1,CREB1,2,1,2
Rgs1,IEGs,MA0018.2,CREB1,4,1,4
Ptgs2,IEGs,MA0018.1,CREB1,7,3,2.33333333333333
Ptgs2,IEGs,MA0018.2,CREB1,19,3,6.33333333333333
Rgs16,Background,MA0018.1,CREB1,6,1,6
Rgs16,Background,MA0018.2,CREB1,7,1,7
Rnasel,Background,MA0018.1,CREB1,7,4,1.75
Rnasel,Background,MA0018.2,CREB1,22,4,5.5
Cacna1e,Background,MA0018.1,CREB1,11,3,3.66666666666667
Cacna1e,Background,MA0018.2,CREB1,18,3,6
Ier5,IEGs,MA0018.1,CREB1,10,2,5
Ier5,IEGs,MA0018.2,CREB1,5,2,2.5
Tor1aip2,Background,MA0018.1,CREB1,12,5,2.4
Tor1aip2,Background,MA0018.2,CREB1,29,5,5.8
Angptl1,Background,MA0018.1,CREB1,1,1,1
Angptl1,Background,MA0018.2,CREB1,4,1,4
Astn1,Background,MA0018.1,CREB1,2,1,2
Astn1,Background,MA0018.2,CREB1,4,1,4
Ankrd45,Background,MA0018.1,CREB1,8,1,8
Ankrd45,Background,MA0018.2,CREB1,10,1,10
Kifap3,Background,MA0018.1,CREB1,2,1,2
Kifap3,Background,MA0018.2,CREB1,5,1,5
Mgst3,Background,MA0018.1,CREB1,11,2,5.5
Mgst3,Background,MA0018.2,CREB1,13,2,6.5
Lmx1a,Background,MA0018.1,CREB1,6,1,6
Lmx1a,Background,MA0018.2,CREB1,6,1,6
Dusp12,Background,MA0018.1,CREB1,4,1,4
Dusp12,Background,MA0018.2,CREB1,3,1,3
Tomm40l,Background,MA0018.1,CREB1,3,1,3
Tomm40l,Background,MA0018.2,CREB1,5,1,5
Ufc1,Background,MA0018.1,CREB1,2,1,2
Ufc1,Background,MA0018.2,CREB1,6,1,6
Usf1,Background,MA0018.1,CREB1,3,1,3
Usf1,Background,MA0018.2,CREB1,7,1,7
Slamf6,Background,MA0018.1,CREB1,10,2,5
Slamf6,Background,MA0018.2,CREB1,17,2,8.5
Slamf9,Background,MA0018.1,CREB1,1,2,0.5
Slamf9,Background,MA0018.2,CREB1,11,2,5.5
Fmn2,Background,MA0018.1,CREB1,1,2,0.5
Fmn2,Background,MA0018.2,CREB1,8,2,4
Desi2,Background,MA0018.1,CREB1,4,1,4
Desi2,Background,MA0018.2,CREB1,7,1,7
H3f3a,Background,MA0018.1,CREB1,4,2,2
H3f3a,Background,MA0018.2,CREB1,3,2,1.5
Susd4,Background,MA0018.1,CREB1,7,2,3.5
Susd4,Background,MA0018.2,CREB1,7,2,3.5
C130074G19Rik,Background,MA0018.1,CREB1,6,2,3
C130074G19Rik,Background,MA0018.2,CREB1,14,2,7
Atf3,IEGs,MA0018.1,CREB1,15,3,5
Atf3,IEGs,MA0018.2,CREB1,26,3,8.66666666666667
Cr1l,Background,MA0018.1,CREB1,2,1,2
Cr1l,Background,MA0018.2,CREB1,5,1,5
Syne1,Background,MA0018.1,CREB1,14,5,2.8
Syne1,Background,MA0018.2,CREB1,24,5,4.8
Tnfaip3,IEGs,MA0018.2,CREB1,52,6,8.66666666666667
Tnfaip3,IEGs,MA0018.1,CREB1,20,6,3.33333333333333
Sgk1,IEGs,MA0018.1,CREB1,22,7,3.14285714285714
Sgk1,IEGs,MA0018.2,CREB1,35,7,5
Tmem200a,Background,MA0018.1,CREB1,1,1,1
Tmem200a,Background,MA0018.2,CREB1,4,1,4
Rspo3,Background,MA0018.1,CREB1,2,1,2
Rspo3,Background,MA0018.2,CREB1,5,1,5
Ncoa7,IEGs,MA0018.1,CREB1,7,3,2.33333333333333
Ncoa7,IEGs,MA0018.2,CREB1,17,3,5.66666666666667
Sec63,Background,MA0018.1,CREB1,5,1,5
Sec63,Background,MA0018.2,CREB1,2,1,2
Slc29a3,Background,MA0018.1,CREB1,4,2,2
Slc29a3,Background,MA0018.2,CREB1,13,2,6.5
Lrrc20,Background,MA0018.1,CREB1,1,1,1
Lrrc20,Background,MA0018.2,CREB1,8,1,8
Col13a1,Background,MA0018.1,CREB1,3,1,3
Col13a1,Background,MA0018.2,CREB1,5,1,5
Dna2,Background,MA0018.1,CREB1,1,1,1
Dna2,Background,MA0018.2,CREB1,1,1,1
Egr2,IEGs,MA0018.1,CREB1,8,2,4
Egr2,IEGs,MA0018.2,CREB1,10,2,5
Zfp365,Background,MA0018.1,CREB1,10,2,5
Zfp365,Background,MA0018.2,CREB1,9,2,4.5
Ube2d1,Background,MA0018.1,CREB1,4,1,4
Ube2d1,Background,MA0018.2,CREB1,7,1,7
Pcdh15,Background,MA0018.1,CREB1,7,4,1.75
Pcdh15,Background,MA0018.2,CREB1,21,4,5.25
Bcr,Background,MA0018.1,CREB1,6,2,3
Bcr,Background,MA0018.2,CREB1,14,2,7
Susd2,Background,MA0018.1,CREB1,2,1,2
Susd2,Background,MA0018.2,CREB1,7,1,7
Pfkl,Background,MA0018.1,CREB1,7,2,3.5
Pfkl,Background,MA0018.2,CREB1,11,2,5.5
Rrp1,Background,MA0018.1,CREB1,8,1,8
Rrp1,Background,MA0018.2,CREB1,13,1,13
Klf16,Background,MA0018.1,CREB1,12,2,6
Klf16,Background,MA0018.2,CREB1,5,2,2.5
Gadd45b,IEGs,MA0018.1,CREB1,3,1,3
Gadd45b,IEGs,MA0018.2,CREB1,6,1,6
Gng7,Background,MA0018.1,CREB1,10,3,3.33333333333333
Gng7,Background,MA0018.2,CREB1,26,3,8.66666666666667
Fzr1,Background,MA0018.1,CREB1,5,1,5
Fzr1,Background,MA0018.2,CREB1,7,1,7
Nfic,Background,MA0018.1,CREB1,19,5,3.8
Nfic,Background,MA0018.2,CREB1,29,5,5.8
Gna15,Background,MA0018.1,CREB1,12,2,6
Gna15,Background,MA0018.2,CREB1,20,2,10
Nuak1,Background,MA0018.1,CREB1,6,1,6
Nuak1,Background,MA0018.2,CREB1,3,1,3
Hsp90b1,Background,MA0018.1,CREB1,12,5,2.4
Hsp90b1,Background,MA0018.2,CREB1,46,5,9.2
Sycp3,Background,MA0018.1,CREB1,4,1,4
Sycp3,Background,MA0018.2,CREB1,5,1,5
Lum,Background,MA0018.1,CREB1,5,1,5
Lum,Background,MA0018.2,CREB1,6,1,6
Dusp6,IEGs,MA0018.1,CREB1,7,2,3.5
Dusp6,IEGs,MA0018.2,CREB1,9,2,4.5
Glipr1,Background,MA0018.1,CREB1,11,4,2.75
Glipr1,Background,MA0018.2,CREB1,22,4,5.5
Kcnc2,Background,MA0018.1,CREB1,8,2,4
Kcnc2,Background,MA0018.2,CREB1,14,2,7
Rap1b,Background,MA0018.1,CREB1,10,4,2.5
Rap1b,Background,MA0018.2,CREB1,24,4,6
Irak3,Background,MA0018.1,CREB1,6,2,3
Irak3,Background,MA0018.2,CREB1,11,2,5.5
Agap2,Background,MA0018.1,CREB1,4,3,1.33333333333333
Agap2,Background,MA0018.2,CREB1,18,3,6
Arhgef25,Background,MA0018.1,CREB1,4,2,2
Arhgef25,Background,MA0018.2,CREB1,7,2,3.5
Rbms2,Background,MA0018.1,CREB1,6,2,3
Rbms2,Background,MA0018.2,CREB1,11,2,5.5
Stat2,Background,MA0018.1,CREB1,14,4,3.5
Stat2,Background,MA0018.2,CREB1,22,4,5.5
Il23a,IEGs,MA0018.1,CREB1,3,1,3
Il23a,IEGs,MA0018.2,CREB1,6,1,6
Nabp2,Background,MA0018.1,CREB1,3,2,1.5
Nabp2,Background,MA0018.2,CREB1,9,2,4.5
Pa2g4,Background,MA0018.1,CREB1,6,2,3
Pa2g4,Background,MA0018.2,CREB1,9,2,4.5
Patz1,Background,MA0018.1,CREB1,21,5,4.2
Patz1,Background,MA0018.2,CREB1,34,5,6.8
Pla2g3,Background,MA0018.1,CREB1,6,1,6
Pla2g3,Background,MA0018.2,CREB1,6,1,6
Zmiz2,Background,MA0018.1,CREB1,5,2,2.5
Zmiz2,Background,MA0018.2,CREB1,13,2,6.5
Peli1,IEGs,MA0018.1,CREB1,8,3,2.66666666666667
Peli1,IEGs,MA0018.2,CREB1,19,3,6.33333333333333
Usp34,Background,MA0018.1,CREB1,1,1,1
Usp34,Background,MA0018.2,CREB1,3,1,3
0610010F05Rik,Background,MA0018.1,CREB1,2,1,2
0610010F05Rik,Background,MA0018.2,CREB1,5,1,5
Pus10,Background,MA0018.1,CREB1,8,2,4
Pus10,Background,MA0018.2,CREB1,16,2,8
Rel,Background,MA0018.1,CREB1,7,1,7
Rel,Background,MA0018.2,CREB1,7,1,7
Papolg,Background,MA0018.1,CREB1,3,1,3
Papolg,Background,MA0018.2,CREB1,6,1,6
5730522E02Rik,Background,MA0018.1,CREB1,4,1,4
5730522E02Rik,Background,MA0018.2,CREB1,6,1,6
Ccdc85a,Background,MA0018.1,CREB1,2,1,2
Ccdc85a,Background,MA0018.2,CREB1,4,1,4
Mtif2,Background,MA0018.1,CREB1,3,1,3
Mtif2,Background,MA0018.2,CREB1,3,1,3
Nsg2,Background,MA0018.1,CREB1,6,2,3
Nsg2,Background,MA0018.2,CREB1,10,2,5
Nprl3,Background,MA0018.1,CREB1,5,2,2.5
Nprl3,Background,MA0018.2,CREB1,17,2,8.5
Sh3pxd2b,Background,MA0018.1,CREB1,4,1,4
Sh3pxd2b,Background,MA0018.2,CREB1,6,1,6
Stk10,Background,MA0018.1,CREB1,8,2,4
Stk10,Background,MA0018.2,CREB1,8,2,4
Fbxw11,Background,MA0018.1,CREB1,3,1,3
Fbxw11,Background,MA0018.2,CREB1,3,1,3
Npm1,Background,MA0018.1,CREB1,2,1,2
Npm1,Background,MA0018.2,CREB1,10,1,10
Wwc1,Background,MA0018.1,CREB1,3,2,1.5
Wwc1,Background,MA0018.2,CREB1,4,2,2
Hmmr,Background,MA0018.1,CREB1,6,1,6
Hmmr,Background,MA0018.2,CREB1,9,1,9
Il12b,IEGs,MA0018.2,CREB1,11,1,11
Trim41,Background,MA0018.1,CREB1,8,2,4
Trim41,Background,MA0018.2,CREB1,8,2,4
Mapk9,Background,MA0018.1,CREB1,4,1,4
Mapk9,Background,MA0018.2,CREB1,6,1,6
Rnf130,Background,MA0018.1,CREB1,7,2,3.5
Rnf130,Background,MA0018.2,CREB1,13,2,6.5
Adamts2,Background,MA0018.1,CREB1,7,2,3.5
Adamts2,Background,MA0018.2,CREB1,16,2,8
9530068E07Rik,Background,MA0018.1,CREB1,5,1,5
9530068E07Rik,Background,MA0018.2,CREB1,7,1,7
Irf1,IEGs,MA0018.1,CREB1,4,1,4
Irf1,IEGs,MA0018.2,CREB1,6,1,6
Slc22a4,Background,MA0018.1,CREB1,4,1,4
Slc22a4,Background,MA0018.2,CREB1,7,1,7
Gpx3,Background,MA0018.1,CREB1,2,1,2
Gpx3,Background,MA0018.2,CREB1,7,1,7
Anxa6,Background,MA0018.1,CREB1,15,3,5
Anxa6,Background,MA0018.2,CREB1,34,3,11.3333333333333
Nmur2,Background,MA0018.1,CREB1,2,1,2
Nmur2,Background,MA0018.2,CREB1,2,1,2
Sap30l,Background,MA0018.1,CREB1,1,1,1
Sap30l,Background,MA0018.2,CREB1,5,1,5
Sh3bp5l,Background,MA0018.1,CREB1,3,1,3
Sh3bp5l,Background,MA0018.2,CREB1,6,1,6
2310033P09Rik,Background,MA0018.1,CREB1,10,1,10
2310033P09Rik,Background,MA0018.2,CREB1,11,1,11
Cops3,Background,MA0018.1,CREB1,5,2,2.5
Cops3,Background,MA0018.2,CREB1,15,2,7.5
Nt5m,Background,MA0018.1,CREB1,6,2,3
Nt5m,Background,MA0018.2,CREB1,15,2,7.5
Rasd1,IEGs,MA0018.1,CREB1,4,1,4
Rasd1,IEGs,MA0018.2,CREB1,6,1,6
Slc47a2,Background,MA0018.1,CREB1,4,1,4
Slc47a2,Background,MA0018.2,CREB1,5,1,5
Rpl26,Background,MA0018.1,CREB1,7,1,7
Rpl26,Background,MA0018.2,CREB1,11,1,11
Per1,IEGs,MA0018.1,CREB1,13,4,3.25
Per1,IEGs,MA0018.2,CREB1,26,4,6.5
Psmb6,Background,MA0018.1,CREB1,10,2,5
Psmb6,Background,MA0018.2,CREB1,21,2,10.5
Rpain,Background,MA0018.1,CREB1,4,1,4
Rpain,Background,MA0018.2,CREB1,4,1,4
Spns2,Background,MA0018.1,CREB1,13,3,4.33333333333333
Spns2,Background,MA0018.2,CREB1,26,3,8.66666666666667
Ankfy1,Background,MA0018.1,CREB1,3,1,3
Ankfy1,Background,MA0018.2,CREB1,6,1,6
Itgae,Background,MA0018.1,CREB1,2,1,2
Itgae,Background,MA0018.2,CREB1,10,1,10
Mnt,Background,MA0018.1,CREB1,4,1,4
Mnt,Background,MA0018.2,CREB1,1,1,1
Hic1,Background,MA0018.1,CREB1,4,1,4
Hic1,Background,MA0018.2,CREB1,6,1,6
1700016P03Rik,IEGs,MA0018.1,CREB1,8,1,8
1700016P03Rik,IEGs,MA0018.2,CREB1,9,1,9
1700016K19Rik,Background,MA0018.1,CREB1,5,1,5
1700016K19Rik,Background,MA0018.2,CREB1,7,1,7
Vps53,Background,MA0018.1,CREB1,8,3,2.66666666666667
Vps53,Background,MA0018.2,CREB1,19,3,6.33333333333333
Taok1,Background,MA0018.2,CREB1,8,2,4
Taok1,Background,MA0018.1,CREB1,3,2,1.5
Poldip2,Background,MA0018.1,CREB1,3,1,3
Poldip2,Background,MA0018.2,CREB1,6,1,6
Tnfaip1,Background,MA0018.1,CREB1,9,1,9
Tnfaip1,Background,MA0018.2,CREB1,11,1,11
Lgals9,Background,MA0018.1,CREB1,2,2,1
Lgals9,Background,MA0018.2,CREB1,11,2,5.5
Zfp207,Background,MA0018.1,CREB1,17,3,5.66666666666667
Zfp207,Background,MA0018.2,CREB1,16,3,5.33333333333333
Ccl2,IEGs,MA0018.1,CREB1,1,1,1
Ccl2,IEGs,MA0018.2,CREB1,8,1,8
Ccl7,Background,MA0018.1,CREB1,1,1,1
Ccl7,Background,MA0018.2,CREB1,3,1,3
Ccl12,IEGs,MA0018.1,CREB1,3,1,3
Ccl12,IEGs,MA0018.2,CREB1,9,1,9
Ccl5,IEGs,MA0018.1,CREB1,2,1,2
Ccl5,IEGs,MA0018.2,CREB1,9,1,9
Ccl9,Background,MA0018.2,CREB1,12,3,4
Ccl9,Background,MA0018.1,CREB1,2,3,0.666666666666667
Ccl3,IEGs,MA0018.1,CREB1,4,1,4
Ccl3,IEGs,MA0018.2,CREB1,7,1,7
Ppm1d,Background,MA0018.1,CREB1,13,3,4.33333333333333
Ppm1d,Background,MA0018.2,CREB1,21,3,7
Spag9,Background,MA0018.1,CREB1,9,3,3
Spag9,Background,MA0018.2,CREB1,17,3,5.66666666666667
Mrpl45,Background,MA0018.2,CREB1,3,1,3
Plxdc1,Background,MA0018.1,CREB1,3,1,3
Plxdc1,Background,MA0018.2,CREB1,6,1,6
Neurod2,Background,MA0018.1,CREB1,3,1,3
Neurod2,Background,MA0018.2,CREB1,3,1,3
Krt222,Background,MA0018.1,CREB1,5,1,5
Krt222,Background,MA0018.2,CREB1,3,1,3
Nt5c3b,Background,MA0018.1,CREB1,5,2,2.5
Nt5c3b,Background,MA0018.2,CREB1,13,2,6.5
Rnd2,Background,MA0018.1,CREB1,4,2,2
Rnd2,Background,MA0018.2,CREB1,12,2,6
Rundc3a,Background,MA0018.1,CREB1,11,2,5.5
Rundc3a,Background,MA0018.2,CREB1,12,2,6
Itga2b,Background,MA0018.1,CREB1,4,1,4
Itga2b,Background,MA0018.2,CREB1,9,1,9
Ccdc43,Background,MA0018.1,CREB1,3,1,3
Ccdc43,Background,MA0018.2,CREB1,8,1,8
Nmt1,Background,MA0018.1,CREB1,3,1,3
Nmt1,Background,MA0018.2,CREB1,6,1,6
Fmnl1,Background,MA0018.2,CREB1,9,2,4.5
Fmnl1,Background,MA0018.1,CREB1,2,2,1
Cyb561,Background,MA0018.1,CREB1,5,3,1.66666666666667
Cyb561,Background,MA0018.2,CREB1,19,3,6.33333333333333
Psmc5,Background,MA0018.1,CREB1,5,1,5
Psmc5,Background,MA0018.2,CREB1,9,1,9
Rgs9,Background,MA0018.1,CREB1,6,3,2
Rgs9,Background,MA0018.2,CREB1,31,3,10.3333333333333
Amz2,Background,MA0018.1,CREB1,10,3,3.33333333333333
Amz2,Background,MA0018.2,CREB1,32,3,10.6666666666667
Prkar1a,Background,MA0018.1,CREB1,8,2,4
Prkar1a,Background,MA0018.2,CREB1,8,2,4
Sdk2,Background,MA0018.1,CREB1,9,2,4.5
Sdk2,Background,MA0018.2,CREB1,6,2,3
Ttyh2,Background,MA0018.1,CREB1,6,2,3
Ttyh2,Background,MA0018.2,CREB1,12,2,6
Mrpl58,Background,MA0018.1,CREB1,1,1,1
Mrpl58,Background,MA0018.2,CREB1,4,1,4
Prpsap1,Background,MA0018.1,CREB1,8,3,2.66666666666667
Prpsap1,Background,MA0018.2,CREB1,29,3,9.66666666666667
Ube2o,Background,MA0018.1,CREB1,5,1,5
Ube2o,Background,MA0018.2,CREB1,8,1,8
Mxra7,Background,MA0018.1,CREB1,13,3,4.33333333333333
Mxra7,Background,MA0018.2,CREB1,11,3,3.66666666666667
Snhg20,Background,MA0018.1,CREB1,6,1,6
Snhg20,Background,MA0018.2,CREB1,7,1,7
Tmc6,Background,MA0018.1,CREB1,21,4,5.25
Tmc6,Background,MA0018.2,CREB1,27,4,6.75
Socs3,IEGs,MA0018.1,CREB1,5,2,2.5
Socs3,IEGs,MA0018.2,CREB1,14,2,7
Pgs1,Background,MA0018.1,CREB1,10,2,5
Pgs1,Background,MA0018.2,CREB1,12,2,6
Cyth1,Background,MA0018.1,CREB1,16,4,4
Cyth1,Background,MA0018.2,CREB1,26,4,6.5
Usp36,Background,MA0018.1,CREB1,7,1,7
Usp36,Background,MA0018.2,CREB1,10,1,10
Cbx4,Background,MA0018.1,CREB1,5,1,5
Cbx4,Background,MA0018.2,CREB1,3,1,3
Actg1,Background,MA0018.1,CREB1,6,1,6
Actg1,Background,MA0018.2,CREB1,2,1,2
Arl16,Background,MA0018.1,CREB1,9,1,9
Arl16,Background,MA0018.2,CREB1,5,1,5
Alyref,Background,MA0018.1,CREB1,9,2,4.5
Alyref,Background,MA0018.2,CREB1,12,2,6
Aspscr1,Background,MA0018.1,CREB1,12,2,6
Aspscr1,Background,MA0018.2,CREB1,18,2,9
Itsn2,Background,MA0018.1,CREB1,12,3,4
Itsn2,Background,MA0018.2,CREB1,21,3,7
Sf3b6,Background,MA0018.1,CREB1,1,1,1
Sf3b6,Background,MA0018.2,CREB1,3,1,3
Laptm4a,Background,MA0018.1,CREB1,2,1,2
Laptm4a,Background,MA0018.2,CREB1,6,1,6
Greb1,Background,MA0018.1,CREB1,6,2,3
Greb1,Background,MA0018.2,CREB1,11,2,5.5
Kcnf1,Background,MA0018.1,CREB1,7,1,7
Kcnf1,Background,MA0018.2,CREB1,8,1,8
Nol10,Background,MA0018.1,CREB1,7,2,3.5
Nol10,Background,MA0018.2,CREB1,8,2,4
Id2,IEGs,MA0018.1,CREB1,15,2,7.5
Id2,IEGs,MA0018.2,CREB1,12,2,6
Pxdn,Background,MA0018.1,CREB1,4,2,2
Pxdn,Background,MA0018.2,CREB1,16,2,8
Lamb1,Background,MA0018.1,CREB1,6,1,6
Lamb1,Background,MA0018.2,CREB1,5,1,5
Slc26a4,Background,MA0018.1,CREB1,5,2,2.5
Slc26a4,Background,MA0018.2,CREB1,15,2,7.5
Efcab10,Background,MA0018.1,CREB1,4,1,4
Efcab10,Background,MA0018.2,CREB1,8,1,8
Sostdc1,Background,MA0018.1,CREB1,1,1,1
Sostdc1,Background,MA0018.2,CREB1,3,1,3
Cfl2,Background,MA0018.1,CREB1,8,2,4
Cfl2,Background,MA0018.2,CREB1,6,2,3
Baz1a,Background,MA0018.1,CREB1,9,3,3
Baz1a,Background,MA0018.2,CREB1,13,3,4.33333333333333
Nfkbia,IEGs,MA0018.1,CREB1,6,2,3
Nfkbia,IEGs,MA0018.2,CREB1,11,2,5.5
Ttc6,Background,MA0018.1,CREB1,5,2,2.5
Ttc6,Background,MA0018.2,CREB1,6,2,3
Fbxo33,IEGs,MA0018.1,CREB1,11,1,11
Fbxo33,IEGs,MA0018.2,CREB1,10,1,10
Rpl10l,Background,MA0018.1,CREB1,4,1,4
Rpl10l,Background,MA0018.2,CREB1,9,1,9
Klhdc2,Background,MA0018.2,CREB1,6,2,3
Klhdc2,Background,MA0018.1,CREB1,9,2,4.5
Gm7986,Background,MA0018.1,CREB1,2,1,2
Gm7986,Background,MA0018.2,CREB1,6,1,6
Jkamp,Background,MA0018.1,CREB1,1,1,1
Jkamp,Background,MA0018.2,CREB1,8,1,8
Mnat1,Background,MA0018.1,CREB1,2,1,2
Mnat1,Background,MA0018.2,CREB1,7,1,7
Syt16,Background,MA0018.1,CREB1,2,1,2
Syt16,Background,MA0018.2,CREB1,3,1,3
Akap5,Background,MA0018.1,CREB1,2,2,1
Akap5,Background,MA0018.2,CREB1,9,2,4.5
Atp6v1d,Background,MA0018.1,CREB1,5,2,2.5
Atp6v1d,Background,MA0018.2,CREB1,4,2,2
Zfp36l1,IEGs,MA0018.2,CREB1,5,1,5
Actn1,Background,MA0018.1,CREB1,9,3,3
Actn1,Background,MA0018.2,CREB1,17,3,5.66666666666667
Psen1,Background,MA0018.1,CREB1,3,1,3
Psen1,Background,MA0018.2,CREB1,5,1,5
Rnf113a2,Background,MA0018.1,CREB1,6,1,6
Rnf113a2,Background,MA0018.2,CREB1,6,1,6
Fos,IEGs,MA0018.1,CREB1,7,2,3.5
Fos,IEGs,MA0018.2,CREB1,19,2,9.5
Jdp2,Background,MA0018.1,CREB1,6,2,3
Jdp2,Background,MA0018.2,CREB1,15,2,7.5
Ift43,Background,MA0018.1,CREB1,6,1,6
Ift43,Background,MA0018.2,CREB1,6,1,6
Trip11,Background,MA0018.1,CREB1,5,1,5
Trip11,Background,MA0018.2,CREB1,6,1,6
Fam181a,Background,MA0018.1,CREB1,6,2,3
Fam181a,Background,MA0018.2,CREB1,20,2,10
Dicer1,Background,MA0018.1,CREB1,3,1,3
Dicer1,Background,MA0018.2,CREB1,5,1,5
Tunar,Background,MA0018.1,CREB1,6,1,6
Tunar,Background,MA0018.2,CREB1,7,1,7
Ak7,Background,MA0018.2,CREB1,5,1,5
Papola,Background,MA0018.1,CREB1,12,2,6
Papola,Background,MA0018.2,CREB1,19,2,9.5
Ankrd9,Background,MA0018.1,CREB1,10,1,10
Ankrd9,Background,MA0018.2,CREB1,8,1,8
Gm266,Background,MA0018.1,CREB1,4,1,4
Gm266,Background,MA0018.2,CREB1,4,1,4
Sp4,Background,MA0018.1,CREB1,4,1,4
Sp4,Background,MA0018.2,CREB1,3,1,3
Klf6,IEGs,MA0018.1,CREB1,8,2,4
Klf6,IEGs,MA0018.2,CREB1,13,2,6.5
Lgals8,Background,MA0018.2,CREB1,20,3,6.66666666666667
Lgals8,Background,MA0018.1,CREB1,9,3,3
Gng4,Background,MA0018.1,CREB1,6,1,6
Gng4,Background,MA0018.2,CREB1,11,1,11
Hecw1,Background,MA0018.1,CREB1,7,4,1.75
Hecw1,Background,MA0018.2,CREB1,14,4,3.5
Inhba,IEGs,MA0018.1,CREB1,1,2,0.5
Inhba,IEGs,MA0018.2,CREB1,1,2,0.5
Aoah,Background,MA0018.1,CREB1,4,2,2
Aoah,Background,MA0018.2,CREB1,17,2,8.5
Carmil1,Background,MA0018.1,CREB1,11,5,2.2
Carmil1,Background,MA0018.2,CREB1,33,5,6.6
BC005537,Background,MA0018.1,CREB1,8,3,2.66666666666667
BC005537,Background,MA0018.2,CREB1,13,3,4.33333333333333
Nrn1,IEGs,MA0018.1,CREB1,3,1,3
Nrn1,IEGs,MA0018.2,CREB1,5,1,5
F13a1,Background,MA0018.1,CREB1,3,2,1.5
F13a1,Background,MA0018.2,CREB1,10,2,5
Txndc5,Background,MA0018.1,CREB1,8,1,8
Txndc5,Background,MA0018.2,CREB1,9,1,9
Eef1e1,Background,MA0018.1,CREB1,6,2,3
Eef1e1,Background,MA0018.2,CREB1,6,2,3
Cd83,IEGs,MA0018.1,CREB1,6,1,6
Cd83,IEGs,MA0018.2,CREB1,4,1,4
Dtnbp1,Background,MA0018.2,CREB1,13,3,4.33333333333333
Dtnbp1,Background,MA0018.1,CREB1,8,3,2.66666666666667
Rbm24,Background,MA0018.1,CREB1,6,2,3
Rbm24,Background,MA0018.2,CREB1,7,2,3.5
Gadd45g,IEGs,MA0018.1,CREB1,1,1,1
Gadd45g,IEGs,MA0018.2,CREB1,3,1,3
Sfxn1,Background,MA0018.1,CREB1,3,1,3
Sfxn1,Background,MA0018.2,CREB1,5,1,5
Cplx2,Background,MA0018.1,CREB1,12,3,4
Cplx2,Background,MA0018.2,CREB1,11,3,3.66666666666667
Tspan17,Background,MA0018.2,CREB1,9,2,4.5
Tspan17,Background,MA0018.1,CREB1,1,2,0.5
5330429C05Rik,Background,MA0018.1,CREB1,1,1,1
5330429C05Rik,Background,MA0018.2,CREB1,8,1,8
Rgs14,Background,MA0018.1,CREB1,8,2,4
Rgs14,Background,MA0018.2,CREB1,14,2,7
Srd5a1,Background,MA0018.1,CREB1,3,2,1.5
Srd5a1,Background,MA0018.2,CREB1,15,2,7.5
Exoc3,Background,MA0018.1,CREB1,5,1,5
Exoc3,Background,MA0018.2,CREB1,3,1,3
9330111N05Rik,Background,MA0018.1,CREB1,4,1,4
9330111N05Rik,Background,MA0018.2,CREB1,6,1,6
Vcan,Background,MA0018.1,CREB1,5,2,2.5
Vcan,Background,MA0018.2,CREB1,6,2,3
Homer1,IEGs,MA0018.1,CREB1,19,4,4.75
Homer1,IEGs,MA0018.2,CREB1,28,4,7
Scamp1,Background,MA0018.1,CREB1,14,3,4.66666666666667
Scamp1,Background,MA0018.2,CREB1,8,3,2.66666666666667
F2r,Background,MA0018.1,CREB1,5,1,5
F2r,Background,MA0018.2,CREB1,4,1,4
Polk,Background,MA0018.1,CREB1,7,3,2.33333333333333
Polk,Background,MA0018.2,CREB1,14,3,4.66666666666667
Gtf2h2,Background,MA0018.1,CREB1,3,2,1.5
Gtf2h2,Background,MA0018.2,CREB1,9,2,4.5
Pik3r1,Background,MA0018.1,CREB1,17,4,4.25
Pik3r1,Background,MA0018.2,CREB1,17,4,4.25
Srek1,Background,MA0018.1,CREB1,24,4,6
Srek1,Background,MA0018.2,CREB1,34,4,8.5
Erbin,Background,MA0018.1,CREB1,5,1,5
Erbin,Background,MA0018.2,CREB1,3,1,3
Rgs7bp,Background,MA0018.1,CREB1,5,1,5
Rgs7bp,Background,MA0018.2,CREB1,2,1,2
Plk2,IEGs,MA0018.1,CREB1,18,4,4.5
Plk2,IEGs,MA0018.2,CREB1,33,4,8.25
Gpbp1,Background,MA0018.1,CREB1,8,1,8
Gpbp1,Background,MA0018.2,CREB1,10,1,10
Mocs2,Background,MA0018.1,CREB1,3,1,3
Mocs2,Background,MA0018.2,CREB1,4,1,4
Rpp14,Background,MA0018.1,CREB1,4,1,4
Rpp14,Background,MA0018.2,CREB1,8,1,8
3830406C13Rik,Background,MA0018.1,CREB1,2,1,2
3830406C13Rik,Background,MA0018.2,CREB1,8,1,8
Nkiras1,Background,MA0018.1,CREB1,7,1,7
Nkiras1,Background,MA0018.2,CREB1,11,1,11
2810402E24Rik,Background,MA0018.1,CREB1,6,1,6
2810402E24Rik,Background,MA0018.2,CREB1,5,1,5
Sec24c,Background,MA0018.1,CREB1,12,2,6
Sec24c,Background,MA0018.2,CREB1,16,2,8
Plau,IEGs,MA0018.1,CREB1,3,1,3
Plau,IEGs,MA0018.2,CREB1,8,1,8
Arf4,IEGs,MA0018.1,CREB1,7,2,3.5
Arf4,IEGs,MA0018.2,CREB1,16,2,8
Arhgef3,IEGs,MA0018.1,CREB1,17,4,4.25
Arhgef3,IEGs,MA0018.2,CREB1,23,4,5.75
Sfmbt1,Background,MA0018.1,CREB1,16,3,5.33333333333333
Sfmbt1,Background,MA0018.2,CREB1,14,3,4.66666666666667
Btd,Background,MA0018.1,CREB1,5,1,5
Btd,Background,MA0018.2,CREB1,7,1,7
Galnt15,Background,MA0018.1,CREB1,6,1,6
Galnt15,Background,MA0018.2,CREB1,9,1,9
Grid1,Background,MA0018.1,CREB1,5,1,5
Grid1,Background,MA0018.2,CREB1,2,1,2
Gch1,Background,MA0018.1,CREB1,2,1,2
Gch1,Background,MA0018.2,CREB1,2,1,2
Slc35f4,Background,MA0018.1,CREB1,4,1,4
Slc35f4,Background,MA0018.2,CREB1,1,1,1
Rnase1,Background,MA0018.1,CREB1,5,2,2.5
Rnase1,Background,MA0018.2,CREB1,9,2,4.5
Rnf31,Background,MA0018.1,CREB1,6,1,6
Rnf31,Background,MA0018.2,CREB1,5,1,5
Nop9,Background,MA0018.1,CREB1,6,1,6
Nop9,Background,MA0018.2,CREB1,9,1,9
Mphosph8,Background,MA0018.1,CREB1,3,2,1.5
Mphosph8,Background,MA0018.2,CREB1,12,2,6
Zmym2,Background,MA0018.1,CREB1,11,2,5.5
Zmym2,Background,MA0018.2,CREB1,13,2,6.5
Atp8a2,Background,MA0018.1,CREB1,10,3,3.33333333333333
Atp8a2,Background,MA0018.2,CREB1,28,3,9.33333333333333
Ints6,Background,MA0018.1,CREB1,2,1,2
Ints6,Background,MA0018.2,CREB1,1,1,1
Kif13b,Background,MA0018.1,CREB1,1,1,1
Kif13b,Background,MA0018.2,CREB1,6,1,6
Scara5,Background,MA0018.1,CREB1,9,2,4.5
Scara5,Background,MA0018.2,CREB1,16,2,8
Ephx2,Background,MA0018.1,CREB1,6,2,3
Ephx2,Background,MA0018.2,CREB1,9,2,4.5
Ptk2b,Background,MA0018.1,CREB1,10,4,2.5
Ptk2b,Background,MA0018.2,CREB1,28,4,7
Nefm,Background,MA0018.1,CREB1,7,1,7
Nefm,Background,MA0018.2,CREB1,4,1,4
Egr3,IEGs,MA0018.1,CREB1,22,4,5.5
Egr3,IEGs,MA0018.2,CREB1,22,4,5.5
Fndc3a,Background,MA0018.1,CREB1,22,5,4.4
Fndc3a,Background,MA0018.2,CREB1,30,5,6
Esd,Background,MA0018.1,CREB1,7,2,3.5
Esd,Background,MA0018.2,CREB1,16,2,8
Rubcnl,Background,MA0018.2,CREB1,7,1,7
Tsc22d1,IEGs,MA0018.1,CREB1,14,6,2.33333333333333
Tsc22d1,IEGs,MA0018.2,CREB1,33,6,5.5
Dgkh,Background,MA0018.1,CREB1,12,3,4
Dgkh,Background,MA0018.2,CREB1,20,3,6.66666666666667
Pcdh8,IEGs,MA0018.1,CREB1,1,1,1
Pcdh8,IEGs,MA0018.2,CREB1,2,1,2
Gm34589,Background,MA0018.1,CREB1,6,1,6
Gm34589,Background,MA0018.2,CREB1,11,1,11
Abcc4,Background,MA0018.1,CREB1,11,3,3.66666666666667
Abcc4,Background,MA0018.2,CREB1,15,3,5
Cldn10,Background,MA0018.1,CREB1,6,2,3
Cldn10,Background,MA0018.2,CREB1,10,2,5
Mbnl2,IEGs,MA0018.1,CREB1,15,5,3
Mbnl2,IEGs,MA0018.2,CREB1,22,5,4.4
Gm5089,Background,MA0018.1,CREB1,4,1,4
Gm5089,Background,MA0018.2,CREB1,8,1,8
Nalcn,Background,MA0018.1,CREB1,4,1,4
Nalcn,Background,MA0018.2,CREB1,3,1,3
Fgf14,Background,MA0018.1,CREB1,7,2,3.5
Fgf14,Background,MA0018.2,CREB1,7,2,3.5
Fbxo4,Background,MA0018.1,CREB1,6,1,6
Fbxo4,Background,MA0018.2,CREB1,6,1,6
Cdh18,Background,MA0018.2,CREB1,19,3,6.33333333333333
Cdh18,Background,MA0018.1,CREB1,10,3,3.33333333333333
Rida,Background,MA0018.1,CREB1,4,1,4
Rida,Background,MA0018.2,CREB1,3,1,3
Klf10,IEGs,MA0018.1,CREB1,12,2,6
Klf10,IEGs,MA0018.2,CREB1,12,2,6
Fzd6,Background,MA0018.2,CREB1,5,1,5
Slc25a32,Background,MA0018.1,CREB1,9,1,9
Slc25a32,Background,MA0018.2,CREB1,7,1,7
Samd12,Background,MA0018.1,CREB1,7,1,7
Samd12,Background,MA0018.2,CREB1,7,1,7
Derl1,Background,MA0018.1,CREB1,6,1,6
Derl1,Background,MA0018.2,CREB1,8,1,8
Trib1,IEGs,MA0018.1,CREB1,4,1,4
Trib1,IEGs,MA0018.2,CREB1,9,1,9
Gm2682,Background,MA0018.1,CREB1,6,2,3
Gm2682,Background,MA0018.2,CREB1,9,2,4.5
Myc,IEGs,MA0018.1,CREB1,11,2,5.5
Myc,IEGs,MA0018.2,CREB1,8,2,4
Ndrg1,Background,MA0018.1,CREB1,10,2,5
Ndrg1,Background,MA0018.2,CREB1,9,2,4.5
Ago2,Background,MA0018.1,CREB1,4,1,4
Ago2,Background,MA0018.2,CREB1,6,1,6
Gm49066,Background,MA0018.1,CREB1,5,1,5
Gm49066,Background,MA0018.2,CREB1,5,1,5
Arc,IEGs,MA0018.1,CREB1,2,1,2
Arc,IEGs,MA0018.2,CREB1,6,1,6
Eef1d,Background,MA0018.1,CREB1,11,3,3.66666666666667
Eef1d,Background,MA0018.2,CREB1,22,3,7.33333333333333
Pycrl,Background,MA0018.1,CREB1,3,1,3
Pycrl,Background,MA0018.2,CREB1,8,1,8
Mapk15,Background,MA0018.1,CREB1,4,2,2
Mapk15,Background,MA0018.2,CREB1,10,2,5
Arhgap39,Background,MA0018.1,CREB1,9,1,9
Arhgap39,Background,MA0018.2,CREB1,7,1,7
Eif3d,Background,MA0018.1,CREB1,14,2,7
Eif3d,Background,MA0018.2,CREB1,19,2,9.5
Pdxp,Background,MA0018.1,CREB1,5,1,5
Pdxp,Background,MA0018.2,CREB1,2,1,2
Gcat,Background,MA0018.1,CREB1,8,1,8
Gcat,Background,MA0018.2,CREB1,9,1,9
Sox10,Background,MA0018.1,CREB1,9,3,3
Sox10,Background,MA0018.2,CREB1,17,3,5.66666666666667
Maff,IEGs,MA0018.1,CREB1,17,2,8.5
Maff,IEGs,MA0018.2,CREB1,22,2,11
Tmem184b,Background,MA0018.1,CREB1,14,3,4.66666666666667
Tmem184b,Background,MA0018.2,CREB1,26,3,8.66666666666667
Sun2,Background,MA0018.1,CREB1,15,3,5
Sun2,Background,MA0018.2,CREB1,25,3,8.33333333333333
Pacsin2,Background,MA0018.1,CREB1,24,5,4.8
Pacsin2,Background,MA0018.2,CREB1,32,5,6.4
5031439G07Rik,Background,MA0018.1,CREB1,17,3,5.66666666666667
5031439G07Rik,Background,MA0018.2,CREB1,26,3,8.66666666666667
Tbc1d22a,Background,MA0018.1,CREB1,4,1,4
Tbc1d22a,Background,MA0018.2,CREB1,8,1,8
Creld2,Background,MA0018.1,CREB1,7,1,7
Creld2,Background,MA0018.2,CREB1,7,1,7
Selenoo,Background,MA0018.1,CREB1,7,2,3.5
Selenoo,Background,MA0018.2,CREB1,12,2,6
Syt10,Background,MA0018.1,CREB1,5,1,5
Syt10,Background,MA0018.2,CREB1,5,1,5
Slc38a2,Background,MA0018.1,CREB1,22,5,4.4
Slc38a2,Background,MA0018.2,CREB1,32,5,6.4
Amigo2,Background,MA0018.1,CREB1,4,1,4
Amigo2,Background,MA0018.2,CREB1,1,1,1
Senp1,Background,MA0018.1,CREB1,5,1,5
Senp1,Background,MA0018.2,CREB1,5,1,5
Ddx23,Background,MA0018.1,CREB1,4,1,4
Ddx23,Background,MA0018.2,CREB1,6,1,6
Faim2,Background,MA0018.1,CREB1,5,1,5
Faim2,Background,MA0018.2,CREB1,6,1,6
Cers5,Background,MA0018.1,CREB1,4,1,4
Cers5,Background,MA0018.2,CREB1,8,1,8
Lima1,Background,MA0018.1,CREB1,13,5,2.6
Lima1,Background,MA0018.2,CREB1,30,5,6
Atf1,Background,MA0018.1,CREB1,1,1,1
Atf1,Background,MA0018.2,CREB1,7,1,7
Dazap2,Background,MA0018.1,CREB1,5,2,2.5
Dazap2,Background,MA0018.2,CREB1,19,2,9.5
Nr4a1,IEGs,MA0018.1,CREB1,29,5,5.8
Nr4a1,IEGs,MA0018.2,CREB1,33,5,6.6
Trap1,Background,MA0018.1,CREB1,4,1,4
Trap1,Background,MA0018.2,CREB1,9,1,9
Ppl,Background,MA0018.1,CREB1,5,1,5
Ppl,Background,MA0018.2,CREB1,4,1,4
Alg1,Background,MA0018.1,CREB1,4,1,4
Alg1,Background,MA0018.2,CREB1,8,1,8
Eef2kmt,Background,MA0018.1,CREB1,3,1,3
Eef2kmt,Background,MA0018.2,CREB1,8,1,8
Litaf,Background,MA0018.1,CREB1,27,5,5.4
Litaf,Background,MA0018.2,CREB1,32,5,6.4
Parn,Background,MA0018.1,CREB1,5,2,2.5
Parn,Background,MA0018.2,CREB1,18,2,9
Marf1,Background,MA0018.1,CREB1,7,2,3.5
Marf1,Background,MA0018.2,CREB1,15,2,7.5
Cebpd,IEGs,MA0018.1,CREB1,3,1,3
Cebpd,IEGs,MA0018.2,CREB1,8,1,8
Top3b,Background,MA0018.1,CREB1,5,1,5
Top3b,Background,MA0018.2,CREB1,6,1,6
Scarf2,Background,MA0018.1,CREB1,1,1,1
Scarf2,Background,MA0018.2,CREB1,3,1,3
Arvcf,Background,MA0018.1,CREB1,7,3,2.33333333333333
Arvcf,Background,MA0018.2,CREB1,17,3,5.66666666666667
Comt,Background,MA0018.1,CREB1,12,3,4
Comt,Background,MA0018.2,CREB1,25,3,8.33333333333333
Txnrd2,Background,MA0018.1,CREB1,3,2,1.5
Txnrd2,Background,MA0018.2,CREB1,12,2,6
Map6d1,Background,MA0018.1,CREB1,5,1,5
Map6d1,Background,MA0018.2,CREB1,7,1,7
Parl,Background,MA0018.1,CREB1,2,2,1
Parl,Background,MA0018.2,CREB1,10,2,5
Abcf3,Background,MA0018.1,CREB1,7,1,7
Abcf3,Background,MA0018.2,CREB1,10,1,10
Bcl6,Background,MA0018.1,CREB1,11,1,11
Bcl6,Background,MA0018.2,CREB1,6,1,6
Atp13a5,Background,MA0018.1,CREB1,2,1,2
Atp13a5,Background,MA0018.2,CREB1,2,1,2
Atp13a4,Background,MA0018.1,CREB1,4,2,2
Atp13a4,Background,MA0018.2,CREB1,11,2,5.5
Hes1,IEGs,MA0018.2,CREB1,8,3,2.66666666666667
Hes1,IEGs,MA0018.1,CREB1,7,3,2.33333333333333
B4galt4,Background,MA0018.1,CREB1,5,1,5
B4galt4,Background,MA0018.2,CREB1,9,1,9
Nfkbiz,IEGs,MA0018.1,CREB1,14,3,4.66666666666667
Nfkbiz,IEGs,MA0018.2,CREB1,20,3,6.66666666666667
Tfg,Background,MA0018.1,CREB1,7,2,3.5
Tfg,Background,MA0018.2,CREB1,14,2,7
Hspa13,Background,MA0018.1,CREB1,3,1,3
Hspa13,Background,MA0018.2,CREB1,7,1,7
9430053O09Rik,Background,MA0018.1,CREB1,1,1,1
9430053O09Rik,Background,MA0018.2,CREB1,6,1,6
App,Background,MA0018.1,CREB1,19,5,3.8
App,Background,MA0018.2,CREB1,34,5,6.8
Adamts5,Background,MA0018.1,CREB1,10,3,3.33333333333333
Adamts5,Background,MA0018.2,CREB1,13,3,4.33333333333333
N6amt1,Background,MA0018.1,CREB1,3,1,3
N6amt1,Background,MA0018.2,CREB1,3,1,3
Bach1,Background,MA0018.1,CREB1,11,2,5.5
Bach1,Background,MA0018.2,CREB1,12,2,6
Cldn8,Background,MA0018.1,CREB1,1,1,1
Cldn8,Background,MA0018.2,CREB1,7,1,7
Rcan1,IEGs,MA0018.1,CREB1,8,2,4
Rcan1,IEGs,MA0018.2,CREB1,12,2,6
Runx1,Background,MA0018.1,CREB1,10,3,3.33333333333333
Runx1,Background,MA0018.2,CREB1,24,3,8
Cbr1,Background,MA0018.1,CREB1,3,1,3
Cbr1,Background,MA0018.2,CREB1,8,1,8
Erg,Background,MA0018.1,CREB1,9,2,4.5
Erg,Background,MA0018.2,CREB1,13,2,6.5
Brwd1,Background,MA0018.1,CREB1,14,3,4.66666666666667
Brwd1,Background,MA0018.2,CREB1,17,3,5.66666666666667
Pcp4,Background,MA0018.2,CREB1,30,3,10
Pcp4,Background,MA0018.1,CREB1,7,3,2.33333333333333
Bace2,Background,MA0018.1,CREB1,1,1,1
Bace2,Background,MA0018.2,CREB1,3,1,3
Ripk4,Background,MA0018.1,CREB1,6,1,6
Ripk4,Background,MA0018.2,CREB1,9,1,9
Prdm15,Background,MA0018.1,CREB1,9,2,4.5
Prdm15,Background,MA0018.2,CREB1,7,2,3.5
Zbtb21,Background,MA0018.1,CREB1,16,2,8
Zbtb21,Background,MA0018.2,CREB1,14,2,7
Qk,Background,MA0018.1,CREB1,13,5,2.6
Qk,Background,MA0018.2,CREB1,24,5,4.8
Sod2,IEGs,MA0018.1,CREB1,17,4,4.25
Sod2,IEGs,MA0018.2,CREB1,27,4,6.75
Smoc2,Background,MA0018.1,CREB1,8,2,4
Smoc2,Background,MA0018.2,CREB1,14,2,7
9030025P20Rik,Background,MA0018.1,CREB1,3,1,3
9030025P20Rik,Background,MA0018.2,CREB1,2,1,2
Zfp948,Background,MA0018.1,CREB1,6,1,6
Zfp948,Background,MA0018.2,CREB1,10,1,10
Slc9a3r2,Background,MA0018.1,CREB1,8,3,2.66666666666667
Slc9a3r2,Background,MA0018.2,CREB1,16,3,5.33333333333333
Hagh,Background,MA0018.1,CREB1,15,2,7.5
Hagh,Background,MA0018.2,CREB1,8,2,4
Fahd1,Background,MA0018.1,CREB1,6,1,6
Fahd1,Background,MA0018.2,CREB1,8,1,8
Mrps34,Background,MA0018.1,CREB1,5,1,5
Mrps34,Background,MA0018.2,CREB1,4,1,4
Gm33727,Background,MA0018.1,CREB1,1,1,1
Gm33727,Background,MA0018.2,CREB1,7,1,7
Fbxl16,Background,MA0018.1,CREB1,12,3,4
Fbxl16,Background,MA0018.2,CREB1,20,3,6.66666666666667
Decr2,Background,MA0018.1,CREB1,6,2,3
Decr2,Background,MA0018.2,CREB1,15,2,7.5
Dusp1,IEGs,MA0018.1,CREB1,13,2,6.5
Dusp1,IEGs,MA0018.2,CREB1,14,2,7
9630028I04Rik,Background,MA0018.1,CREB1,4,1,4
9630028I04Rik,Background,MA0018.2,CREB1,6,1,6
Pacsin1,Background,MA0018.1,CREB1,9,4,2.25
Pacsin1,Background,MA0018.2,CREB1,18,4,4.5
Ppil1,Background,MA0018.1,CREB1,8,2,4
Ppil1,Background,MA0018.2,CREB1,7,2,3.5
Fgd2,Background,MA0018.1,CREB1,8,3,2.66666666666667
Fgd2,Background,MA0018.2,CREB1,11,3,3.66666666666667
Pim1,IEGs,MA0018.1,CREB1,13,2,6.5
Pim1,IEGs,MA0018.2,CREB1,10,2,5
Btbd9,Background,MA0018.1,CREB1,17,3,5.66666666666667
Btbd9,Background,MA0018.2,CREB1,32,3,10.6666666666667
Ndufv3,Background,MA0018.1,CREB1,1,1,1
Ndufv3,Background,MA0018.2,CREB1,8,1,8
Sik1,IEGs,MA0018.1,CREB1,12,2,6
Sik1,IEGs,MA0018.2,CREB1,18,2,9
Wiz,Background,MA0018.1,CREB1,6,3,2
Wiz,Background,MA0018.2,CREB1,22,3,7.33333333333333
Cyp4f13,Background,MA0018.1,CREB1,2,1,2
Cyp4f13,Background,MA0018.2,CREB1,2,1,2
Gm17251,Background,MA0018.1,CREB1,2,1,2
Gm17251,Background,MA0018.2,CREB1,3,1,3
Kank3,Background,MA0018.1,CREB1,5,2,2.5
Kank3,Background,MA0018.2,CREB1,8,2,4
BC051226,Background,MA0018.1,CREB1,4,1,4
BC051226,Background,MA0018.2,CREB1,4,1,4
H2-Ke6,Background,MA0018.1,CREB1,6,1,6
H2-Ke6,Background,MA0018.2,CREB1,10,1,10
H2-Eb1,Background,MA0018.1,CREB1,2,1,2
H2-Eb1,Background,MA0018.2,CREB1,6,1,6
C4b,Background,MA0018.1,CREB1,10,3,3.33333333333333
C4b,Background,MA0018.2,CREB1,21,3,7
Ehmt2,Background,MA0018.1,CREB1,9,3,3
Ehmt2,Background,MA0018.2,CREB1,18,3,6
Bag6,Background,MA0018.1,CREB1,13,4,3.25
Bag6,Background,MA0018.2,CREB1,23,4,5.75
Tnf,IEGs,MA0018.1,CREB1,1,1,1
Tnf,IEGs,MA0018.2,CREB1,6,1,6
Ier3,IEGs,MA0018.1,CREB1,4,1,4
Ier3,IEGs,MA0018.2,CREB1,8,1,8
Ppp1r10,Background,MA0018.1,CREB1,11,2,5.5
Ppp1r10,Background,MA0018.2,CREB1,14,2,7
Gnl1,Background,MA0018.1,CREB1,3,1,3
Gnl1,Background,MA0018.2,CREB1,9,1,9
B230354K17Rik,Background,MA0018.1,CREB1,7,1,7
B230354K17Rik,Background,MA0018.2,CREB1,12,1,12
Slc35b2,Background,MA0018.1,CREB1,5,1,5
Slc35b2,Background,MA0018.2,CREB1,5,1,5
Slc29a1,Background,MA0018.1,CREB1,8,4,2
Slc29a1,Background,MA0018.2,CREB1,26,4,6.5
Cul9,Background,MA0018.1,CREB1,6,2,3
Cul9,Background,MA0018.2,CREB1,9,2,4.5
Trem2,Background,MA0018.1,CREB1,3,1,3
Trem2,Background,MA0018.2,CREB1,5,1,5
Kif6,Background,MA0018.1,CREB1,10,2,5
Kif6,Background,MA0018.2,CREB1,19,2,9.5
Kcnh8,Background,MA0018.1,CREB1,2,1,2
Kcnh8,Background,MA0018.2,CREB1,3,1,3
Mrps36-ps1,Background,MA0018.1,CREB1,4,1,4
Mrps36-ps1,Background,MA0018.2,CREB1,6,1,6
St6gal2,Background,MA0018.1,CREB1,2,1,2
St6gal2,Background,MA0018.2,CREB1,1,1,1
Shd,Background,MA0018.1,CREB1,7,1,7
Shd,Background,MA0018.2,CREB1,13,1,13
Uhrf1,Background,MA0018.1,CREB1,7,2,3.5
Uhrf1,Background,MA0018.2,CREB1,14,2,7
Slc25a23,Background,MA0018.1,CREB1,11,3,3.66666666666667
Slc25a23,Background,MA0018.2,CREB1,9,3,3
Adgre1,Background,MA0018.1,CREB1,5,2,2.5
Adgre1,Background,MA0018.2,CREB1,12,2,6
Fbxl17,Background,MA0018.1,CREB1,11,3,3.66666666666667
Fbxl17,Background,MA0018.2,CREB1,10,3,3.33333333333333
Ndufv2,Background,MA0018.1,CREB1,6,1,6
Ndufv2,Background,MA0018.2,CREB1,3,1,3
Wdr43,Background,MA0018.1,CREB1,13,3,4.33333333333333
Wdr43,Background,MA0018.2,CREB1,23,3,7.66666666666667
Ypel5,Background,MA0018.1,CREB1,10,3,3.33333333333333
Ypel5,Background,MA0018.2,CREB1,13,3,4.33333333333333
Cebpzos,Background,MA0018.1,CREB1,2,1,2
Cebpzos,Background,MA0018.2,CREB1,13,1,13
Cyp1b1,Background,MA0018.1,CREB1,10,2,5
Cyp1b1,Background,MA0018.2,CREB1,10,2,5
Zfp36l2,IEGs,MA0018.1,CREB1,14,2,7
Zfp36l2,IEGs,MA0018.2,CREB1,5,2,2.5
Epcam,Background,MA0018.1,CREB1,3,2,1.5
Epcam,Background,MA0018.2,CREB1,7,2,3.5
Crem,IEGs,MA0018.1,CREB1,26,5,5.2
Crem,IEGs,MA0018.2,CREB1,42,5,8.4
Map3k8,IEGs,MA0018.2,CREB1,7,2,3.5
Map3k8,IEGs,MA0018.1,CREB1,6,2,3
Rbbp8,Background,MA0018.2,CREB1,13,3,4.33333333333333
Rbbp8,Background,MA0018.1,CREB1,8,3,2.66666666666667
Mapre2,Background,MA0018.1,CREB1,15,3,5
Mapre2,Background,MA0018.2,CREB1,13,3,4.33333333333333
Tpgs2,Background,MA0018.1,CREB1,5,1,5
Tpgs2,Background,MA0018.2,CREB1,6,1,6
Kdm3b,Background,MA0018.1,CREB1,2,1,2
Kdm3b,Background,MA0018.2,CREB1,6,1,6
Reep2,Background,MA0018.1,CREB1,3,1,3
Reep2,Background,MA0018.2,CREB1,11,1,11
Egr1,IEGs,MA0018.1,CREB1,6,1,6
Egr1,IEGs,MA0018.2,CREB1,9,1,9
Matr3,Background,MA0018.1,CREB1,12,3,4
Matr3,Background,MA0018.2,CREB1,15,3,5
Sting1,Background,MA0018.1,CREB1,1,1,1
Sting1,Background,MA0018.2,CREB1,3,1,3
Pura,Background,MA0018.1,CREB1,26,6,4.33333333333333
Pura,Background,MA0018.2,CREB1,32,6,5.33333333333333
Hbegf,IEGs,MA0018.1,CREB1,1,1,1
Hbegf,IEGs,MA0018.2,CREB1,6,1,6
Cd14,Background,MA0018.1,CREB1,2,1,2
Cd14,Background,MA0018.2,CREB1,2,1,2
Hars2,Background,MA0018.1,CREB1,5,1,5
Hars2,Background,MA0018.2,CREB1,12,1,12
Hdac3,Background,MA0018.1,CREB1,4,1,4
Hdac3,Background,MA0018.2,CREB1,6,1,6
Fgf1,Background,MA0018.2,CREB1,18,3,6
Fgf1,Background,MA0018.1,CREB1,4,3,1.33333333333333
Ccdc112,Background,MA0018.1,CREB1,3,1,3
Ccdc112,Background,MA0018.2,CREB1,2,1,2
Tnfaip8,Background,MA0018.1,CREB1,12,5,2.4
Tnfaip8,Background,MA0018.2,CREB1,22,5,4.4
Prrc1,Background,MA0018.1,CREB1,3,2,1.5
Prrc1,Background,MA0018.2,CREB1,13,2,6.5
Iigp1,Background,MA0018.2,CREB1,15,3,5
Iigp1,Background,MA0018.1,CREB1,2,3,0.666666666666667
Slc26a2,Background,MA0018.1,CREB1,10,1,10
Slc26a2,Background,MA0018.2,CREB1,6,1,6
Htr4,Background,MA0018.1,CREB1,6,2,3
Htr4,Background,MA0018.2,CREB1,11,2,5.5
Napg,Background,MA0018.1,CREB1,3,1,3
Napg,Background,MA0018.2,CREB1,5,1,5
St8sia3,Background,MA0018.1,CREB1,3,2,1.5
St8sia3,Background,MA0018.2,CREB1,11,2,5.5
Pmaip1,IEGs,MA0018.1,CREB1,8,1,8
Pmaip1,IEGs,MA0018.2,CREB1,9,1,9
Afg3l2,Background,MA0018.1,CREB1,11,2,5.5
Afg3l2,Background,MA0018.2,CREB1,17,2,8.5
Smad2,Background,MA0018.1,CREB1,9,2,4.5
Smad2,Background,MA0018.2,CREB1,11,2,5.5
Hdhd2,Background,MA0018.1,CREB1,1,1,1
Hdhd2,Background,MA0018.2,CREB1,5,1,5
8030462N17Rik,Background,MA0018.1,CREB1,6,1,6
8030462N17Rik,Background,MA0018.2,CREB1,4,1,4
Tshz1,Background,MA0018.1,CREB1,10,2,5
Tshz1,Background,MA0018.2,CREB1,6,2,3
Ndufv1,Background,MA0018.1,CREB1,3,1,3
Ndufv1,Background,MA0018.2,CREB1,5,1,5
Gstp1,Background,MA0018.1,CREB1,5,2,2.5
Gstp1,Background,MA0018.2,CREB1,11,2,5.5
Rhod,Background,MA0018.1,CREB1,3,1,3
Rhod,Background,MA0018.2,CREB1,8,1,8
Npas4,IEGs,MA0018.1,CREB1,2,1,2
Npas4,IEGs,MA0018.2,CREB1,9,1,9
Sart1,Background,MA0018.1,CREB1,6,1,6
Sart1,Background,MA0018.2,CREB1,4,1,4
Fosl1,IEGs,MA0018.1,CREB1,3,1,3
Fosl1,IEGs,MA0018.2,CREB1,7,1,7
Kat5,Background,MA0018.1,CREB1,9,1,9
Kat5,Background,MA0018.2,CREB1,20,1,20
Gm37376,Background,MA0018.1,CREB1,8,1,8
Gm37376,Background,MA0018.2,CREB1,4,1,4
Dpf2,Background,MA0018.1,CREB1,7,2,3.5
Dpf2,Background,MA0018.2,CREB1,7,2,3.5
Ehd1,Background,MA0018.1,CREB1,13,4,3.25
Ehd1,Background,MA0018.2,CREB1,20,4,5
Dnajc4,Background,MA0018.1,CREB1,8,1,8
Dnajc4,Background,MA0018.2,CREB1,6,1,6
Fermt3,Background,MA0018.1,CREB1,3,1,3
Fermt3,Background,MA0018.2,CREB1,8,1,8
Spindoc,Background,MA0018.1,CREB1,9,2,4.5
Spindoc,Background,MA0018.2,CREB1,20,2,10
Slc3a2,Background,MA0018.1,CREB1,17,5,3.4
Slc3a2,Background,MA0018.2,CREB1,38,5,7.6
Incenp,Background,MA0018.1,CREB1,34,3,11.3333333333333
Incenp,Background,MA0018.2,CREB1,41,3,13.6666666666667
Ddb1,Background,MA0018.1,CREB1,13,4,3.25
Ddb1,Background,MA0018.2,CREB1,27,4,6.75
Vps37c,Background,MA0018.2,CREB1,17,2,8.5
Vps37c,Background,MA0018.1,CREB1,5,2,2.5
Slc15a3,Background,MA0018.1,CREB1,14,2,7
Slc15a3,Background,MA0018.2,CREB1,23,2,11.5
Dtx4,Background,MA0018.1,CREB1,9,2,4.5
Dtx4,Background,MA0018.2,CREB1,15,2,7.5
Prune2,Background,MA0018.1,CREB1,12,4,3
Prune2,Background,MA0018.2,CREB1,25,4,6.25
Carnmt1,Background,MA0018.1,CREB1,5,1,5
Carnmt1,Background,MA0018.2,CREB1,8,1,8
Trpm3,Background,MA0018.1,CREB1,7,4,1.75
Trpm3,Background,MA0018.2,CREB1,14,4,3.5
Rfx3,Background,MA0018.1,CREB1,2,1,2
Rfx3,Background,MA0018.2,CREB1,8,1,8
Fas,Background,MA0018.1,CREB1,2,2,1
Fas,Background,MA0018.2,CREB1,9,2,4.5
Ifit2,IEGs,MA0018.1,CREB1,16,4,4
Ifit2,IEGs,MA0018.2,CREB1,22,4,5.5
Ifit3,IEGs,MA0018.1,CREB1,1,1,1
Ifit3,IEGs,MA0018.2,CREB1,6,1,6
Ifit1,IEGs,MA0018.1,CREB1,7,2,3.5
Ifit1,IEGs,MA0018.2,CREB1,13,2,6.5
Slc16a12,Background,MA0018.1,CREB1,5,2,2.5
Slc16a12,Background,MA0018.2,CREB1,6,2,3
Htr7,Background,MA0018.1,CREB1,3,1,3
Htr7,Background,MA0018.2,CREB1,3,1,3
Pcgf5,Background,MA0018.1,CREB1,3,2,1.5
Pcgf5,Background,MA0018.2,CREB1,13,2,6.5
Aldh18a1,Background,MA0018.1,CREB1,5,1,5
Aldh18a1,Background,MA0018.2,CREB1,5,1,5
Lzts2,Background,MA0018.1,CREB1,11,3,3.66666666666667
Lzts2,Background,MA0018.2,CREB1,22,3,7.33333333333333
Sh3pxd2a,Background,MA0018.2,CREB1,8,2,4
Sh3pxd2a,Background,MA0018.1,CREB1,3,2,1.5
Sfr1,Background,MA0018.1,CREB1,5,1,5
Sfr1,Background,MA0018.2,CREB1,7,1,7
Dusp5,IEGs,MA0018.1,CREB1,7,1,7
Dusp5,IEGs,MA0018.2,CREB1,10,1,10
Gpam,Background,MA0018.1,CREB1,12,3,4
Gpam,Background,MA0018.2,CREB1,28,3,9.33333333333333
Hspa12a,Background,MA0018.1,CREB1,14,3,4.66666666666667
Hspa12a,Background,MA0018.2,CREB1,21,3,7
Sephs1,Background,MA0018.1,CREB1,4,1,4
Sephs1,Background,MA0018.2,CREB1,3,1,3
Dhtkd1,Background,MA0018.1,CREB1,5,2,2.5
Dhtkd1,Background,MA0018.2,CREB1,9,2,4.5
Thnsl1,Background,MA0018.1,CREB1,10,1,10
Thnsl1,Background,MA0018.2,CREB1,11,1,11
Ehmt1,Background,MA0018.1,CREB1,4,1,4
Ehmt1,Background,MA0018.2,CREB1,6,1,6
Snapc4,Background,MA0018.1,CREB1,10,2,5
Snapc4,Background,MA0018.2,CREB1,13,2,6.5
Pmpca,Background,MA0018.1,CREB1,5,1,5
Pmpca,Background,MA0018.2,CREB1,7,1,7
Spaca9,Background,MA0018.1,CREB1,4,1,4
Spaca9,Background,MA0018.2,CREB1,8,1,8
Setx,Background,MA0018.1,CREB1,6,2,3
Setx,Background,MA0018.2,CREB1,18,2,9
Slc27a4,Background,MA0018.1,CREB1,5,2,2.5
Slc27a4,Background,MA0018.2,CREB1,3,2,1.5
Odf2,Background,MA0018.1,CREB1,17,4,4.25
Odf2,Background,MA0018.2,CREB1,29,4,7.25
Zdhhc12,Background,MA0018.1,CREB1,5,1,5
Zdhhc12,Background,MA0018.2,CREB1,5,1,5
Tor1a,Background,MA0018.1,CREB1,5,1,5
Tor1a,Background,MA0018.2,CREB1,8,1,8
Psmd5,Background,MA0018.1,CREB1,5,1,5
Psmd5,Background,MA0018.2,CREB1,10,1,10
Traf1,IEGs,MA0018.1,CREB1,5,2,2.5
Traf1,IEGs,MA0018.2,CREB1,17,2,8.5
Hc,Background,MA0018.1,CREB1,3,1,3
Hc,Background,MA0018.2,CREB1,6,1,6
Strbp,Background,MA0018.1,CREB1,25,4,6.25
Strbp,Background,MA0018.2,CREB1,22,4,5.5
Gm44144,Background,MA0018.2,CREB1,7,1,7
Arhgap15,Background,MA0018.1,CREB1,3,1,3
Arhgap15,Background,MA0018.2,CREB1,7,1,7
Prpf40a,Background,MA0018.1,CREB1,21,5,4.2
Prpf40a,Background,MA0018.2,CREB1,36,5,7.2
Nr4a2,IEGs,MA0018.1,CREB1,21,3,7
Nr4a2,IEGs,MA0018.2,CREB1,17,3,5.66666666666667
Tbr1,Background,MA0018.1,CREB1,4,1,4
Tbr1,Background,MA0018.2,CREB1,6,1,6
Fign,Background,MA0018.1,CREB1,7,2,3.5
Fign,Background,MA0018.2,CREB1,14,2,7
Ppig,Background,MA0018.1,CREB1,15,4,3.75
Ppig,Background,MA0018.2,CREB1,17,4,4.25
Pdk1,Background,MA0018.1,CREB1,4,2,2
Pdk1,Background,MA0018.2,CREB1,9,2,4.5
Scrn3,Background,MA0018.1,CREB1,9,1,9
Scrn3,Background,MA0018.2,CREB1,11,1,11
Gpr155,Background,MA0018.1,CREB1,4,1,4
Gpr155,Background,MA0018.2,CREB1,8,1,8
Chn1,Background,MA0018.1,CREB1,16,4,4
Chn1,Background,MA0018.2,CREB1,32,4,8
Pde1a,Background,MA0018.1,CREB1,9,3,3
Pde1a,Background,MA0018.2,CREB1,14,3,4.66666666666667
Spi1,Background,MA0018.2,CREB1,8,2,4
Spi1,Background,MA0018.1,CREB1,4,2,2
Dgkz,Background,MA0018.1,CREB1,24,6,4
Dgkz,Background,MA0018.2,CREB1,34,6,5.66666666666667
Mapk8ip1,Background,MA0018.1,CREB1,6,2,3
Mapk8ip1,Background,MA0018.2,CREB1,19,2,9.5
Cry2,Background,MA0018.1,CREB1,10,1,10
Cry2,Background,MA0018.2,CREB1,7,1,7
Ext2,Background,MA0018.1,CREB1,3,1,3
Ext2,Background,MA0018.2,CREB1,6,1,6
Ldlrad3,Background,MA0018.2,CREB1,6,3,2
Ldlrad3,Background,MA0018.1,CREB1,6,3,2
D430041D05Rik,Background,MA0018.1,CREB1,2,2,1
D430041D05Rik,Background,MA0018.2,CREB1,12,2,6
Qser1,Background,MA0018.1,CREB1,4,1,4
Qser1,Background,MA0018.2,CREB1,4,1,4
Mpped2,Background,MA0018.1,CREB1,4,2,2
Mpped2,Background,MA0018.2,CREB1,10,2,5
Bdnf,IEGs,MA0018.1,CREB1,13,5,2.6
Bdnf,IEGs,MA0018.2,CREB1,19,5,3.8
Ryr3,Background,MA0018.1,CREB1,3,1,3
Ryr3,Background,MA0018.2,CREB1,1,1,1
Thbs1,IEGs,MA0018.1,CREB1,6,1,6
Thbs1,IEGs,MA0018.2,CREB1,3,1,3
Mapkbp1,Background,MA0018.1,CREB1,4,2,2
Mapkbp1,Background,MA0018.2,CREB1,12,2,6
Zfp106,Background,MA0018.1,CREB1,5,4,1.25
Zfp106,Background,MA0018.2,CREB1,9,4,2.25
Tubgcp4,Background,MA0018.1,CREB1,4,2,2
Tubgcp4,Background,MA0018.2,CREB1,8,2,4
Sema6d,Background,MA0018.1,CREB1,7,2,3.5
Sema6d,Background,MA0018.2,CREB1,10,2,5
Fbn1,Background,MA0018.1,CREB1,6,1,6
Fbn1,Background,MA0018.2,CREB1,7,1,7
Shc4,Background,MA0018.1,CREB1,3,1,3
Shc4,Background,MA0018.2,CREB1,4,1,4
Dusp2,IEGs,MA0018.1,CREB1,6,1,6
Dusp2,IEGs,MA0018.2,CREB1,2,1,2
Tmem87b,Background,MA0018.2,CREB1,2,1,2
Ckap2l,Background,MA0018.1,CREB1,2,1,2
Ckap2l,Background,MA0018.2,CREB1,5,1,5
Il1a,IEGs,MA0018.1,CREB1,4,3,1.33333333333333
Il1a,IEGs,MA0018.2,CREB1,11,3,3.66666666666667
Il1b,IEGs,MA0018.1,CREB1,5,2,2.5
Il1b,IEGs,MA0018.2,CREB1,10,2,5
1700037H04Rik,Background,MA0018.1,CREB1,8,1,8
1700037H04Rik,Background,MA0018.2,CREB1,4,1,4
Ap5s1,Background,MA0018.1,CREB1,6,2,3
Ap5s1,Background,MA0018.2,CREB1,15,2,7.5
Tmem230,Background,MA0018.1,CREB1,7,1,7
Tmem230,Background,MA0018.2,CREB1,9,1,9
Prokr2,Background,MA0018.1,CREB1,4,1,4
Prokr2,Background,MA0018.2,CREB1,9,1,9
Tmx4,Background,MA0018.2,CREB1,4,2,2
Tmx4,Background,MA0018.1,CREB1,1,2,0.5
Ism1,Background,MA0018.1,CREB1,27,3,9
Ism1,Background,MA0018.2,CREB1,21,3,7
Slc24a3,Background,MA0018.1,CREB1,3,1,3
Slc24a3,Background,MA0018.2,CREB1,6,1,6
Cd93,Background,MA0018.1,CREB1,6,2,3
Cd93,Background,MA0018.2,CREB1,9,2,4.5
Acss1,Background,MA0018.1,CREB1,17,3,5.66666666666667
Acss1,Background,MA0018.2,CREB1,24,3,8
Tbc1d20,Background,MA0018.1,CREB1,4,1,4
Tbc1d20,Background,MA0018.2,CREB1,4,1,4
Tspyl3,Background,MA0018.1,CREB1,3,1,3
Tspyl3,Background,MA0018.2,CREB1,7,1,7
Snta1,Background,MA0018.1,CREB1,4,1,4
Snta1,Background,MA0018.2,CREB1,3,1,3
Eif2s2,Background,MA0018.1,CREB1,6,1,6
Eif2s2,Background,MA0018.2,CREB1,8,1,8
Pigu,Background,MA0018.2,CREB1,10,1,10
Cep250,Background,MA0018.1,CREB1,9,3,3
Cep250,Background,MA0018.2,CREB1,16,3,5.33333333333333
Aar2,Background,MA0018.1,CREB1,1,1,1
Aar2,Background,MA0018.2,CREB1,5,1,5
Tgif2,Background,MA0018.1,CREB1,10,2,5
Tgif2,Background,MA0018.2,CREB1,8,2,4
Rpn2,Background,MA0018.1,CREB1,11,3,3.66666666666667
Rpn2,Background,MA0018.2,CREB1,15,3,5
Src,Background,MA0018.1,CREB1,7,4,1.75
Src,Background,MA0018.2,CREB1,29,4,7.25
Ppp1r16b,Background,MA0018.1,CREB1,2,1,2
Ppp1r16b,Background,MA0018.2,CREB1,6,1,6
L3mbtl1,Background,MA0018.1,CREB1,4,1,4
L3mbtl1,Background,MA0018.2,CREB1,3,1,3
Gm11472,Background,MA0018.1,CREB1,3,1,3
Gm11472,Background,MA0018.2,CREB1,12,1,12
Cebpb,IEGs,MA0018.1,CREB1,10,1,10
Cebpb,IEGs,MA0018.2,CREB1,6,1,6
Atp9a,Background,MA0018.1,CREB1,8,4,2
Atp9a,Background,MA0018.2,CREB1,20,4,5
Pfdn4,Background,MA0018.1,CREB1,2,1,2
Pfdn4,Background,MA0018.2,CREB1,4,1,4
Bmp7,Background,MA0018.1,CREB1,4,1,4
Bmp7,Background,MA0018.2,CREB1,2,1,2
Rab22a,Background,MA0018.1,CREB1,5,1,5
Rab22a,Background,MA0018.2,CREB1,3,1,3
Zfp831,Background,MA0018.1,CREB1,5,1,5
Zfp831,Background,MA0018.2,CREB1,8,1,8
Osbpl2,Background,MA0018.1,CREB1,3,1,3
Osbpl2,Background,MA0018.2,CREB1,7,1,7
Mrgbp,Background,MA0018.1,CREB1,6,1,6
Mrgbp,Background,MA0018.2,CREB1,3,1,3
Dido1,Background,MA0018.1,CREB1,11,3,3.66666666666667
Dido1,Background,MA0018.2,CREB1,9,3,3
Zfp512b,Background,MA0018.1,CREB1,4,1,4
Zfp512b,Background,MA0018.2,CREB1,7,1,7
1110015O18Rik,Background,MA0018.1,CREB1,2,1,2
1110015O18Rik,Background,MA0018.2,CREB1,4,1,4
Zfhx4,Background,MA0018.1,CREB1,7,3,2.33333333333333
Zfhx4,Background,MA0018.2,CREB1,9,3,3
E2f5,Background,MA0018.1,CREB1,7,1,7
E2f5,Background,MA0018.2,CREB1,3,1,3
Car13,Background,MA0018.1,CREB1,3,2,1.5
Car13,Background,MA0018.2,CREB1,10,2,5
Rpl22l1,Background,MA0018.1,CREB1,6,1,6
Rpl22l1,Background,MA0018.2,CREB1,5,1,5
Egfem1,Background,MA0018.1,CREB1,3,1,3
Egfem1,Background,MA0018.2,CREB1,5,1,5
Zmat3,Background,MA0018.1,CREB1,9,2,4.5
Zmat3,Background,MA0018.2,CREB1,18,2,9
Trpc3,Background,MA0018.1,CREB1,4,1,4
Trpc3,Background,MA0018.2,CREB1,6,1,6
Pcdh10,Background,MA0018.1,CREB1,8,1,8
Pcdh10,Background,MA0018.2,CREB1,7,1,7
Noct,IEGs,MA0018.1,CREB1,2,1,2
Noct,IEGs,MA0018.2,CREB1,4,1,4
Elf2,Background,MA0018.1,CREB1,21,2,10.5
Elf2,Background,MA0018.2,CREB1,10,2,5
Mme,Background,MA0018.1,CREB1,6,4,1.5
Mme,Background,MA0018.2,CREB1,15,4,3.75
Slc33a1,Background,MA0018.1,CREB1,5,1,5
Slc33a1,Background,MA0018.2,CREB1,5,1,5
Lxn,Background,MA0018.1,CREB1,5,1,5
Lxn,Background,MA0018.2,CREB1,6,1,6
Smc4,Background,MA0018.1,CREB1,8,6,1.33333333333333
Smc4,Background,MA0018.2,CREB1,27,6,4.5
Pdcd10,Background,MA0018.1,CREB1,2,1,2
Pdcd10,Background,MA0018.2,CREB1,4,1,4
Npy2r,Background,MA0018.1,CREB1,1,1,1
Npy2r,Background,MA0018.2,CREB1,7,1,7
Tlr2,IEGs,MA0018.1,CREB1,3,1,3
Tlr2,IEGs,MA0018.2,CREB1,7,1,7
Fbxw7,Background,MA0018.1,CREB1,8,4,2
Fbxw7,Background,MA0018.2,CREB1,19,4,4.75
Mrpl24,Background,MA0018.1,CREB1,5,2,2.5
Mrpl24,Background,MA0018.2,CREB1,12,2,6
Hapln2,Background,MA0018.1,CREB1,3,1,3
Hapln2,Background,MA0018.2,CREB1,4,1,4
Gm3764,Background,MA0018.1,CREB1,10,3,3.33333333333333
Gm3764,Background,MA0018.2,CREB1,21,3,7
Smg5,Background,MA0018.1,CREB1,12,4,3
Smg5,Background,MA0018.2,CREB1,27,4,6.75
Mex3a,Background,MA0018.1,CREB1,2,1,2
Mex3a,Background,MA0018.2,CREB1,2,1,2
Gon4l,Background,MA0018.1,CREB1,18,3,6
Gon4l,Background,MA0018.2,CREB1,21,3,7
Rusc1,Background,MA0018.1,CREB1,10,3,3.33333333333333
Rusc1,Background,MA0018.2,CREB1,17,3,5.66666666666667
Clk2,Background,MA0018.1,CREB1,9,2,4.5
Clk2,Background,MA0018.2,CREB1,14,2,7
Il6ra,Background,MA0018.1,CREB1,7,2,3.5
Il6ra,Background,MA0018.2,CREB1,15,2,7.5
Hax1,Background,MA0018.1,CREB1,4,1,4
Hax1,Background,MA0018.2,CREB1,9,1,9
Them4,Background,MA0018.2,CREB1,4,1,4
Vps72,Background,MA0018.1,CREB1,6,2,3
Vps72,Background,MA0018.2,CREB1,20,2,10
Ctsk,Background,MA0018.1,CREB1,3,1,3
Ctsk,Background,MA0018.2,CREB1,7,1,7
Mcl1,IEGs,MA0018.1,CREB1,6,2,3
Mcl1,IEGs,MA0018.2,CREB1,9,2,4.5
Txnip,IEGs,MA0018.1,CREB1,8,2,4
Txnip,IEGs,MA0018.2,CREB1,10,2,5
Acp6,Background,MA0018.1,CREB1,3,1,3
Acp6,Background,MA0018.2,CREB1,4,1,4
Fmo5,Background,MA0018.1,CREB1,1,1,1
Fmo5,Background,MA0018.2,CREB1,3,1,3
Phgdh,Background,MA0018.1,CREB1,2,1,2
Phgdh,Background,MA0018.2,CREB1,1,1,1
Man1a2,Background,MA0018.1,CREB1,6,2,3
Man1a2,Background,MA0018.2,CREB1,5,2,2.5
Cttnbp2nl,Background,MA0018.1,CREB1,3,1,3
Cttnbp2nl,Background,MA0018.2,CREB1,4,1,4
Csf1,Background,MA0018.1,CREB1,1,1,1
Csf1,Background,MA0018.2,CREB1,3,1,3
Vav3,Background,MA0018.1,CREB1,9,3,3
Vav3,Background,MA0018.2,CREB1,18,3,6
Ntng1,Background,MA0018.1,CREB1,8,2,4
Ntng1,Background,MA0018.2,CREB1,20,2,10
Vcam1,IEGs,MA0018.1,CREB1,6,2,3
Vcam1,IEGs,MA0018.2,CREB1,7,2,3.5
Gpr88,Background,MA0018.1,CREB1,5,2,2.5
Gpr88,Background,MA0018.2,CREB1,7,2,3.5
Dpyd,Background,MA0018.2,CREB1,7,1,7
Rwdd3,Background,MA0018.1,CREB1,7,2,3.5
Rwdd3,Background,MA0018.2,CREB1,18,2,9
Cnn3,Background,MA0018.1,CREB1,16,4,4
Cnn3,Background,MA0018.2,CREB1,27,4,6.75
F3,IEGs,MA0018.1,CREB1,9,2,4.5
F3,IEGs,MA0018.2,CREB1,11,2,5.5
Synpo2,Background,MA0018.1,CREB1,14,4,3.5
Synpo2,Background,MA0018.2,CREB1,26,4,6.5
Larp7,Background,MA0018.1,CREB1,11,1,11
Larp7,Background,MA0018.2,CREB1,8,1,8
Npnt,Background,MA0018.1,CREB1,8,3,2.66666666666667
Npnt,Background,MA0018.2,CREB1,14,3,4.66666666666667
Tacr3,Background,MA0018.1,CREB1,2,1,2
Tacr3,Background,MA0018.2,CREB1,3,1,3
Ppp3ca,Background,MA0018.1,CREB1,15,3,5
Ppp3ca,Background,MA0018.2,CREB1,17,3,5.66666666666667
Emcn,Background,MA0018.1,CREB1,3,1,3
Emcn,Background,MA0018.2,CREB1,5,1,5
Dnajb14,Background,MA0018.1,CREB1,5,1,5
Dnajb14,Background,MA0018.2,CREB1,4,1,4
Trmt10a,Background,MA0018.1,CREB1,5,1,5
Trmt10a,Background,MA0018.2,CREB1,7,1,7
Gbp2,IEGs,MA0018.2,CREB1,8,2,4
Gbp2,IEGs,MA0018.1,CREB1,2,2,1
Rabggtb,Background,MA0018.1,CREB1,4,2,2
Rabggtb,Background,MA0018.2,CREB1,14,2,7
Cryz,Background,MA0018.1,CREB1,11,1,11
Cryz,Background,MA0018.2,CREB1,6,1,6
Gem,IEGs,MA0018.1,CREB1,11,2,5.5
Gem,IEGs,MA0018.2,CREB1,17,2,8.5
Pdp1,Background,MA0018.1,CREB1,11,2,5.5
Pdp1,Background,MA0018.2,CREB1,10,2,5
Tstd3,Background,MA0018.1,CREB1,4,1,4
Tstd3,Background,MA0018.2,CREB1,7,1,7
Lyrm2,Background,MA0018.1,CREB1,3,1,3
Lyrm2,Background,MA0018.2,CREB1,9,1,9
Aptx,Background,MA0018.1,CREB1,6,2,3
Aptx,Background,MA0018.2,CREB1,11,2,5.5
Trmt10b,Background,MA0018.1,CREB1,2,1,2
Trmt10b,Background,MA0018.2,CREB1,3,1,3
Sec61b,Background,MA0018.1,CREB1,3,1,3
Sec61b,Background,MA0018.2,CREB1,5,1,5
Nr4a3,IEGs,MA0018.1,CREB1,20,4,5
Nr4a3,IEGs,MA0018.2,CREB1,29,4,7.25
Nipsnap3b,Background,MA0018.1,CREB1,5,1,5
Nipsnap3b,Background,MA0018.2,CREB1,6,1,6
Frrs1l,Background,MA0018.1,CREB1,10,2,5
Frrs1l,Background,MA0018.2,CREB1,13,2,6.5
Epb41l4b,Background,MA0018.1,CREB1,12,2,6
Epb41l4b,Background,MA0018.2,CREB1,16,2,8
Snx30,Background,MA0018.1,CREB1,7,2,3.5
Snx30,Background,MA0018.2,CREB1,17,2,8.5
Wdr31,Background,MA0018.1,CREB1,9,2,4.5
Wdr31,Background,MA0018.2,CREB1,6,2,3
Nfib,IEGs,MA0018.1,CREB1,13,7,1.85714285714286
Nfib,IEGs,MA0018.2,CREB1,32,7,4.57142857142857
Psip1,Background,MA0018.1,CREB1,3,1,3
Psip1,Background,MA0018.2,CREB1,4,1,4
Plaa,Background,MA0018.1,CREB1,9,3,3
Plaa,Background,MA0018.2,CREB1,24,3,8
Jun,IEGs,MA0018.1,CREB1,15,2,7.5
Jun,IEGs,MA0018.2,CREB1,21,2,10.5
Ttc4,Background,MA0018.1,CREB1,1,1,1
Ttc4,Background,MA0018.2,CREB1,2,1,2
Tmem59,Background,MA0018.1,CREB1,8,2,4
Tmem59,Background,MA0018.2,CREB1,11,2,5.5
Lrrc42,Background,MA0018.1,CREB1,6,2,3
Lrrc42,Background,MA0018.2,CREB1,12,2,6
Dmrtb1,Background,MA0018.1,CREB1,6,3,2
Dmrtb1,Background,MA0018.2,CREB1,5,3,1.66666666666667
Coa7,Background,MA0018.1,CREB1,6,1,6
Coa7,Background,MA0018.2,CREB1,9,1,9
Lrrc41,Background,MA0018.1,CREB1,4,1,4
Lrrc41,Background,MA0018.2,CREB1,8,1,8
Nasp,Background,MA0018.1,CREB1,3,2,1.5
Nasp,Background,MA0018.2,CREB1,9,2,4.5
Kdm4a,Background,MA0018.1,CREB1,5,1,5
Kdm4a,Background,MA0018.2,CREB1,6,1,6
Ptprf,Background,MA0018.1,CREB1,5,1,5
Ptprf,Background,MA0018.2,CREB1,5,1,5
Mycl,Background,MA0018.1,CREB1,7,2,3.5
Mycl,Background,MA0018.2,CREB1,18,2,9
Ndufs5,Background,MA0018.1,CREB1,4,1,4
Ndufs5,Background,MA0018.2,CREB1,9,1,9
Rspo1,Background,MA0018.1,CREB1,2,1,2
Rspo1,Background,MA0018.2,CREB1,3,1,3
Lsm10,Background,MA0018.1,CREB1,3,1,3
Lsm10,Background,MA0018.2,CREB1,6,1,6
Tmem35b,Background,MA0018.1,CREB1,3,1,3
Tmem35b,Background,MA0018.2,CREB1,6,1,6
Rnf19b,Background,MA0018.1,CREB1,12,4,3
Rnf19b,Background,MA0018.2,CREB1,24,4,6
Marcksl1,IEGs,MA0018.1,CREB1,1,1,1
Marcksl1,IEGs,MA0018.2,CREB1,6,1,6
Rcan3,Background,MA0018.1,CREB1,8,1,8
Rcan3,Background,MA0018.2,CREB1,9,1,9
Fuca1,Background,MA0018.1,CREB1,3,2,1.5
Fuca1,Background,MA0018.2,CREB1,17,2,8.5
Luzp1,Background,MA0018.1,CREB1,4,1,4
Luzp1,Background,MA0018.2,CREB1,9,1,9
Pink1,Background,MA0018.1,CREB1,3,1,3
Pink1,Background,MA0018.2,CREB1,6,1,6
Ddi2,Background,MA0018.1,CREB1,8,1,8
Ddi2,Background,MA0018.2,CREB1,8,1,8
Kazn,Background,MA0018.1,CREB1,4,2,2
Kazn,Background,MA0018.2,CREB1,12,2,6
Pdpn,Background,MA0018.1,CREB1,4,1,4
Pdpn,Background,MA0018.2,CREB1,6,1,6
Mfn2,Background,MA0018.1,CREB1,18,3,6
Mfn2,Background,MA0018.2,CREB1,38,3,12.6666666666667
Clstn1,Background,MA0018.1,CREB1,29,5,5.8
Clstn1,Background,MA0018.2,CREB1,28,5,5.6
Acot7,Background,MA0018.1,CREB1,9,3,3
Acot7,Background,MA0018.2,CREB1,20,3,6.66666666666667
Kcnab2,Background,MA0018.1,CREB1,14,3,4.66666666666667
Kcnab2,Background,MA0018.2,CREB1,19,3,6.33333333333333
Gabrd,Background,MA0018.1,CREB1,3,1,3
Gabrd,Background,MA0018.2,CREB1,8,1,8
Gnb1,Background,MA0018.1,CREB1,24,6,4
Gnb1,Background,MA0018.2,CREB1,58,6,9.66666666666667
Fam133b,Background,MA0018.1,CREB1,2,1,2
Fam133b,Background,MA0018.2,CREB1,5,1,5
Ptpn12,Background,MA0018.1,CREB1,7,1,7
Ptpn12,Background,MA0018.2,CREB1,2,1,2
Klhl7,Background,MA0018.1,CREB1,7,2,3.5
Klhl7,Background,MA0018.2,CREB1,11,2,5.5
Kcnh2,Background,MA0018.1,CREB1,12,3,4
Kcnh2,Background,MA0018.2,CREB1,19,3,6.33333333333333
Gbx1,Background,MA0018.1,CREB1,5,1,5
Gbx1,Background,MA0018.2,CREB1,2,1,2
Rheb,IEGs,MA0018.1,CREB1,11,2,5.5
Rheb,IEGs,MA0018.2,CREB1,9,2,4.5
2900005J15Rik,Background,MA0018.1,CREB1,3,1,3
2900005J15Rik,Background,MA0018.2,CREB1,1,1,1
Insig1,Background,MA0018.1,CREB1,10,1,10
Insig1,Background,MA0018.2,CREB1,12,1,12
Tyms,Background,MA0018.1,CREB1,3,1,3
Tyms,Background,MA0018.2,CREB1,3,1,3
Fosl2,IEGs,MA0018.1,CREB1,18,3,6
Fosl2,IEGs,MA0018.2,CREB1,23,3,7.66666666666667
Add1,Background,MA0018.1,CREB1,2,1,2
Add1,Background,MA0018.2,CREB1,7,1,7
Htt,Background,MA0018.1,CREB1,9,2,4.5
Htt,Background,MA0018.2,CREB1,10,2,5
Tbc1d14,Background,MA0018.1,CREB1,12,4,3
Tbc1d14,Background,MA0018.2,CREB1,27,4,6.75
D5Ertd579e,Background,MA0018.1,CREB1,10,2,5
D5Ertd579e,Background,MA0018.2,CREB1,14,2,7
Crmp1,Background,MA0018.1,CREB1,7,3,2.33333333333333
Crmp1,Background,MA0018.2,CREB1,18,3,6
C1qtnf7,Background,MA0018.1,CREB1,3,2,1.5
C1qtnf7,Background,MA0018.2,CREB1,7,2,3.5
Cc2d2a,Background,MA0018.1,CREB1,1,1,1
Sepsecs,Background,MA0018.1,CREB1,8,1,8
Sepsecs,Background,MA0018.2,CREB1,10,1,10
Klhl5,Background,MA0018.1,CREB1,6,2,3
Klhl5,Background,MA0018.2,CREB1,8,2,4
Nsun7,Background,MA0018.1,CREB1,2,1,2
Nsun7,Background,MA0018.2,CREB1,2,1,2
Tmem33,Background,MA0018.1,CREB1,2,1,2
Tmem33,Background,MA0018.2,CREB1,6,1,6
Atp8a1,Background,MA0018.1,CREB1,10,2,5
Atp8a1,Background,MA0018.2,CREB1,13,2,6.5
Kctd8,Background,MA0018.1,CREB1,4,1,4
Kctd8,Background,MA0018.2,CREB1,8,1,8
Gabrg1,Background,MA0018.2,CREB1,7,1,7
Fryl,Background,MA0018.1,CREB1,10,3,3.33333333333333
Fryl,Background,MA0018.2,CREB1,11,3,3.66666666666667
Cwh43,Background,MA0018.1,CREB1,3,1,3
Cwh43,Background,MA0018.2,CREB1,8,1,8
Dancr,Background,MA0018.1,CREB1,2,1,2
Dancr,Background,MA0018.2,CREB1,7,1,7
Srp72,Background,MA0018.1,CREB1,6,1,6
Srp72,Background,MA0018.2,CREB1,14,1,14
Polr2b,Background,MA0018.1,CREB1,4,1,4
Polr2b,Background,MA0018.2,CREB1,7,1,7
Igfbp7,Background,MA0018.1,CREB1,1,1,1
Igfbp7,Background,MA0018.2,CREB1,8,1,8
Cenpc1,Background,MA0018.1,CREB1,3,1,3
Cenpc1,Background,MA0018.2,CREB1,7,1,7
Cxcl5,Background,MA0018.1,CREB1,2,1,2
Cxcl5,Background,MA0018.2,CREB1,3,1,3
Cxcl1,IEGs,MA0018.1,CREB1,3,2,1.5
Cxcl1,IEGs,MA0018.2,CREB1,15,2,7.5
Cxcl2,IEGs,MA0018.1,CREB1,3,1,3
Cxcl2,IEGs,MA0018.2,CREB1,15,1,15
Cxcl10,IEGs,MA0018.1,CREB1,5,2,2.5
Cxcl10,IEGs,MA0018.2,CREB1,16,2,8
Rasgef1b,Background,MA0018.1,CREB1,10,3,3.33333333333333
Rasgef1b,Background,MA0018.2,CREB1,11,3,3.66666666666667
Lrrc8d,Background,MA0018.1,CREB1,15,3,5
Lrrc8d,Background,MA0018.2,CREB1,14,3,4.66666666666667
Tmed5,Background,MA0018.1,CREB1,3,1,3
Tmed5,Background,MA0018.2,CREB1,5,1,5
Gtpbp6,Background,MA0018.1,CREB1,3,1,3
Gtpbp6,Background,MA0018.2,CREB1,3,1,3
2900026A02Rik,Background,MA0018.1,CREB1,17,3,5.66666666666667
2900026A02Rik,Background,MA0018.2,CREB1,16,3,5.33333333333333
Sirt4,Background,MA0018.1,CREB1,7,2,3.5
Sirt4,Background,MA0018.2,CREB1,18,2,9
Tbx3,Background,MA0018.1,CREB1,13,3,4.33333333333333
Tbx3,Background,MA0018.2,CREB1,23,3,7.66666666666667
Lhx5,Background,MA0018.1,CREB1,4,1,4
Lhx5,Background,MA0018.2,CREB1,7,1,7
Trafd1,Background,MA0018.1,CREB1,6,1,6
Trafd1,Background,MA0018.2,CREB1,5,1,5
Brap,Background,MA0018.1,CREB1,7,2,3.5
Brap,Background,MA0018.2,CREB1,18,2,9
Arpc3,Background,MA0018.1,CREB1,18,4,4.5
Arpc3,Background,MA0018.2,CREB1,29,4,7.25
Anapc5,Background,MA0018.1,CREB1,7,1,7
Anapc5,Background,MA0018.2,CREB1,12,1,12
Lrrc43,Background,MA0018.1,CREB1,3,1,3
Lrrc43,Background,MA0018.2,CREB1,2,1,2
B3gnt4,Background,MA0018.1,CREB1,2,1,2
B3gnt4,Background,MA0018.2,CREB1,2,1,2
Rilpl1,Background,MA0018.1,CREB1,9,1,9
Rilpl1,Background,MA0018.2,CREB1,4,1,4
Eif2b1,Background,MA0018.1,CREB1,10,1,10
Eif2b1,Background,MA0018.2,CREB1,5,1,5
Atp6v0a2,Background,MA0018.1,CREB1,4,1,4
Atp6v0a2,Background,MA0018.2,CREB1,6,1,6
Tmem132d,Background,MA0018.1,CREB1,3,2,1.5
Tmem132d,Background,MA0018.2,CREB1,8,2,4
Psph,Background,MA0018.1,CREB1,8,2,4
Psph,Background,MA0018.2,CREB1,11,2,5.5
Rabgef1,Background,MA0018.1,CREB1,6,2,3
Rabgef1,Background,MA0018.2,CREB1,13,2,6.5
Bcl7b,Background,MA0018.1,CREB1,7,1,7
Bcl7b,Background,MA0018.2,CREB1,10,1,10
Rhbdd2,Background,MA0018.1,CREB1,3,1,3
Rhbdd2,Background,MA0018.2,CREB1,2,1,2
Znhit1,Background,MA0018.1,CREB1,10,2,5
Znhit1,Background,MA0018.2,CREB1,15,2,7.5
Serpine1,IEGs,MA0018.1,CREB1,3,2,1.5
Serpine1,IEGs,MA0018.2,CREB1,12,2,6
Actl6b,Background,MA0018.1,CREB1,3,1,3
Actl6b,Background,MA0018.2,CREB1,4,1,4
Uncx,Background,MA0018.1,CREB1,4,1,4
Uncx,Background,MA0018.2,CREB1,2,1,2
Nudt1,Background,MA0018.2,CREB1,16,2,8
Nudt1,Background,MA0018.1,CREB1,5,2,2.5
Slc29a4,Background,MA0018.1,CREB1,6,2,3
Slc29a4,Background,MA0018.2,CREB1,12,2,6
Daglb,Background,MA0018.1,CREB1,6,2,3
Daglb,Background,MA0018.2,CREB1,15,2,7.5
Nptx2,IEGs,MA0018.1,CREB1,9,1,9
Nptx2,IEGs,MA0018.2,CREB1,8,1,8
Ptcd1,Background,MA0018.1,CREB1,6,1,6
Ptcd1,Background,MA0018.2,CREB1,9,1,9
Bet1,Background,MA0018.1,CREB1,6,1,6
Bet1,Background,MA0018.2,CREB1,10,1,10
Dync1i1,Background,MA0018.1,CREB1,1,1,1
Dync1i1,Background,MA0018.2,CREB1,5,1,5
Sem1,Background,MA0018.1,CREB1,2,1,2
Sem1,Background,MA0018.2,CREB1,5,1,5
Tmem106b,Background,MA0018.1,CREB1,3,1,3
Tmem106b,Background,MA0018.2,CREB1,4,1,4
Ahcyl2,Background,MA0018.1,CREB1,15,6,2.5
Ahcyl2,Background,MA0018.2,CREB1,46,6,7.66666666666667
Podxl,Background,MA0018.1,CREB1,1,1,1
Podxl,Background,MA0018.2,CREB1,3,1,3
Plxna4,Background,MA0018.1,CREB1,10,2,5
Plxna4,Background,MA0018.2,CREB1,7,2,3.5
Wdr91,Background,MA0018.1,CREB1,8,1,8
Wdr91,Background,MA0018.2,CREB1,7,1,7
Cnot4,Background,MA0018.1,CREB1,1,1,1
Cnot4,Background,MA0018.2,CREB1,9,1,9
Slc13a4,Background,MA0018.1,CREB1,3,1,3
Slc13a4,Background,MA0018.2,CREB1,9,1,9
Trim24,Background,MA0018.1,CREB1,7,2,3.5
Trim24,Background,MA0018.2,CREB1,14,2,7
Zc3hav1,Background,MA0018.2,CREB1,39,3,13
Zc3hav1,Background,MA0018.1,CREB1,22,3,7.33333333333333
Mkrn1,Background,MA0018.1,CREB1,4,1,4
Mkrn1,Background,MA0018.2,CREB1,9,1,9
Ssbp1,Background,MA0018.1,CREB1,3,1,3
Ssbp1,Background,MA0018.2,CREB1,6,1,6
Ephb6,Background,MA0018.1,CREB1,3,1,3
Ephb6,Background,MA0018.2,CREB1,1,1,1
Fam131b,Background,MA0018.1,CREB1,3,1,3
Fam131b,Background,MA0018.2,CREB1,3,1,3
Zyx,Background,MA0018.2,CREB1,26,4,6.5
Zyx,Background,MA0018.1,CREB1,7,4,1.75
Zfp956,Background,MA0018.1,CREB1,3,1,3
Zfp956,Background,MA0018.2,CREB1,8,1,8
Gimap7,Background,MA0018.1,CREB1,2,1,2
Gimap7,Background,MA0018.2,CREB1,6,1,6
Ppp1r17,Background,MA0018.1,CREB1,3,1,3
Ppp1r17,Background,MA0018.2,CREB1,2,1,2
Nt5c3,Background,MA0018.1,CREB1,12,2,6
Nt5c3,Background,MA0018.2,CREB1,11,2,5.5
Lancl2,Background,MA0018.1,CREB1,2,1,2
Lancl2,Background,MA0018.2,CREB1,3,1,3
Gprin3,Background,MA0018.1,CREB1,1,1,1
Gprin3,Background,MA0018.2,CREB1,4,1,4
Hpgds,Background,MA0018.1,CREB1,7,1,7
Hpgds,Background,MA0018.2,CREB1,9,1,9
Rpl19-ps9,Background,MA0018.1,CREB1,2,1,2
Rpl19-ps9,Background,MA0018.2,CREB1,4,1,4
Vamp8,Background,MA0018.1,CREB1,4,1,4
Vamp8,Background,MA0018.2,CREB1,6,1,6
Rtkn,Background,MA0018.1,CREB1,11,4,2.75
Rtkn,Background,MA0018.2,CREB1,22,4,5.5
Dguok,Background,MA0018.1,CREB1,9,1,9
Dguok,Background,MA0018.2,CREB1,10,1,10
Egr4,IEGs,MA0018.1,CREB1,6,1,6
Egr4,IEGs,MA0018.2,CREB1,6,1,6
Fbln2,Background,MA0018.1,CREB1,5,2,2.5
Fbln2,Background,MA0018.2,CREB1,10,2,5
Fgd5,Background,MA0018.1,CREB1,2,2,1
Fgd5,Background,MA0018.2,CREB1,10,2,5
Adamts9,Background,MA0018.2,CREB1,13,2,6.5
Adamts9,Background,MA0018.1,CREB1,3,2,1.5
Tafa1,Background,MA0018.1,CREB1,4,2,2
Tafa1,Background,MA0018.2,CREB1,13,2,6.5
Tafa4,Background,MA0018.1,CREB1,1,1,1
Tafa4,Background,MA0018.2,CREB1,2,1,2
Foxp1,Background,MA0018.1,CREB1,45,13,3.46153846153846
Foxp1,Background,MA0018.2,CREB1,77,13,5.92307692307692
Chl1,Background,MA0018.1,CREB1,1,2,0.5
Chl1,Background,MA0018.2,CREB1,7,2,3.5
Bhlhe40,IEGs,MA0018.1,CREB1,8,3,2.66666666666667
Bhlhe40,IEGs,MA0018.2,CREB1,17,3,5.66666666666667
Arl8b,Background,MA0018.1,CREB1,14,5,2.8
Arl8b,Background,MA0018.2,CREB1,23,5,4.6
Srgap3,Background,MA0018.1,CREB1,3,1,3
Srgap3,Background,MA0018.2,CREB1,3,1,3
Gt(ROSA)26Sor,Background,MA0018.1,CREB1,5,1,5
Gt(ROSA)26Sor,Background,MA0018.2,CREB1,4,1,4
Ttll3,Background,MA0018.1,CREB1,4,3,1.33333333333333
Ttll3,Background,MA0018.2,CREB1,10,3,3.33333333333333
Slc2a3,IEGs,MA0018.1,CREB1,18,4,4.5
Slc2a3,IEGs,MA0018.2,CREB1,22,4,5.5
C1ra,Background,MA0018.1,CREB1,2,1,2
C1ra,Background,MA0018.2,CREB1,3,1,3
Ltbr,Background,MA0018.1,CREB1,7,2,3.5
Ltbr,Background,MA0018.2,CREB1,15,2,7.5
Ndufa9,Background,MA0018.1,CREB1,5,1,5
Ndufa9,Background,MA0018.2,CREB1,6,1,6
A2ml1,Background,MA0018.1,CREB1,7,2,3.5
A2ml1,Background,MA0018.2,CREB1,25,2,12.5
Cd69,IEGs,MA0018.1,CREB1,2,1,2
Cd69,IEGs,MA0018.2,CREB1,2,1,2
Klre1,Background,MA0018.1,CREB1,4,1,4
Klre1,Background,MA0018.2,CREB1,6,1,6
Klrk1,Background,MA0018.1,CREB1,1,2,0.5
Klrk1,Background,MA0018.2,CREB1,14,2,7
Magohb,Background,MA0018.1,CREB1,5,1,5
Magohb,Background,MA0018.2,CREB1,4,1,4
Med21,Background,MA0018.1,CREB1,10,1,10
Med21,Background,MA0018.2,CREB1,9,1,9
Stk38l,Background,MA0018.1,CREB1,10,1,10
Stk38l,Background,MA0018.2,CREB1,17,1,17
Cacng7,Background,MA0018.1,CREB1,7,2,3.5
Cacng7,Background,MA0018.2,CREB1,13,2,6.5
Rps9,Background,MA0018.1,CREB1,12,2,6
Rps9,Background,MA0018.2,CREB1,15,2,7.5
Lair1,Background,MA0018.2,CREB1,15,2,7.5
Lair1,Background,MA0018.1,CREB1,4,2,2
Cox6b2,Background,MA0018.1,CREB1,1,2,0.5
Cox6b2,Background,MA0018.2,CREB1,6,2,3
Rpl28,Background,MA0018.1,CREB1,4,1,4
Rpl28,Background,MA0018.2,CREB1,5,1,5
Ube2s,Background,MA0018.1,CREB1,6,1,6
Ube2s,Background,MA0018.2,CREB1,14,1,14
Zfp787,Background,MA0018.1,CREB1,8,1,8
Zfp787,Background,MA0018.2,CREB1,12,1,12
Selenow,Background,MA0018.1,CREB1,2,1,2
Selenow,Background,MA0018.2,CREB1,5,1,5
Napa,Background,MA0018.1,CREB1,18,2,9
Napa,Background,MA0018.2,CREB1,22,2,11
Fosb,IEGs,MA0018.1,CREB1,4,1,4
Fosb,IEGs,MA0018.2,CREB1,4,1,4
Smg9,Background,MA0018.1,CREB1,4,1,4
Smg9,Background,MA0018.2,CREB1,8,1,8
Xrcc1,Background,MA0018.1,CREB1,10,2,5
Xrcc1,Background,MA0018.2,CREB1,17,2,8.5
Exosc5,Background,MA0018.1,CREB1,5,2,2.5
Exosc5,Background,MA0018.2,CREB1,12,2,6
Tgfb1,Background,MA0018.1,CREB1,6,2,3
Tgfb1,Background,MA0018.2,CREB1,6,2,3
Snrpa,Background,MA0018.1,CREB1,5,2,2.5
Snrpa,Background,MA0018.2,CREB1,19,2,9.5
Sertad1,Background,MA0018.1,CREB1,4,1,4
Sertad1,Background,MA0018.2,CREB1,7,1,7
Eid2b,Background,MA0018.1,CREB1,4,1,4
Eid2b,Background,MA0018.2,CREB1,4,1,4
Selenov,Background,MA0018.2,CREB1,6,1,6
Zfp36,IEGs,MA0018.1,CREB1,11,3,3.66666666666667
Zfp36,IEGs,MA0018.2,CREB1,17,3,5.66666666666667
Paf1,Background,MA0018.1,CREB1,5,1,5
Paf1,Background,MA0018.2,CREB1,5,1,5
Hnrnpl,Background,MA0018.1,CREB1,24,6,4
Hnrnpl,Background,MA0018.2,CREB1,43,6,7.16666666666667
Nfkbid,IEGs,MA0018.1,CREB1,17,4,4.25
Nfkbid,IEGs,MA0018.2,CREB1,19,4,4.75
Hspb6,Background,MA0018.1,CREB1,11,2,5.5
Hspb6,Background,MA0018.2,CREB1,22,2,11
Gramd1a,Background,MA0018.1,CREB1,7,3,2.33333333333333
Gramd1a,Background,MA0018.2,CREB1,13,3,4.33333333333333
Gm19246,Background,MA0018.1,CREB1,1,1,1
Gm19246,Background,MA0018.2,CREB1,3,1,3
Cd33,Background,MA0018.1,CREB1,10,3,3.33333333333333
Cd33,Background,MA0018.2,CREB1,20,3,6.66666666666667
Prmt1,Background,MA0018.1,CREB1,5,1,5
Prmt1,Background,MA0018.2,CREB1,9,1,9
Pih1d1,Background,MA0018.1,CREB1,6,2,3
Pih1d1,Background,MA0018.2,CREB1,10,2,5
Ruvbl2,Background,MA0018.1,CREB1,11,3,3.66666666666667
Ruvbl2,Background,MA0018.2,CREB1,19,3,6.33333333333333
Ppp1r15a,IEGs,MA0018.2,CREB1,17,3,5.66666666666667
Ppp1r15a,IEGs,MA0018.1,CREB1,10,3,3.33333333333333
Uevld,Background,MA0018.1,CREB1,3,1,3
Uevld,Background,MA0018.2,CREB1,2,1,2
Nipa2,Background,MA0018.1,CREB1,6,1,6
Nipa2,Background,MA0018.2,CREB1,11,1,11
B230209E15Rik,Background,MA0018.1,CREB1,7,4,1.75
B230209E15Rik,Background,MA0018.2,CREB1,20,4,5
Nsmce3,Background,MA0018.1,CREB1,4,1,4
Nsmce3,Background,MA0018.2,CREB1,7,1,7
Wdr93,Background,MA0018.1,CREB1,4,1,4
Wdr93,Background,MA0018.2,CREB1,12,1,12
Prc1,Background,MA0018.1,CREB1,9,2,4.5
Prc1,Background,MA0018.2,CREB1,14,2,7
Btbd1,Background,MA0018.1,CREB1,5,1,5
Btbd1,Background,MA0018.2,CREB1,5,1,5
Arnt2,Background,MA0018.1,CREB1,12,4,3
Arnt2,Background,MA0018.2,CREB1,34,4,8.5
Nox4,Background,MA0018.1,CREB1,5,1,5
Nox4,Background,MA0018.2,CREB1,10,1,10
Rps13-ps2,Background,MA0018.1,CREB1,7,1,7
Rps13-ps2,Background,MA0018.2,CREB1,12,1,12
Tenm4,Background,MA0018.1,CREB1,13,4,3.25
Tenm4,Background,MA0018.2,CREB1,25,4,6.25
Usp35,Background,MA0018.1,CREB1,2,1,2
Usp35,Background,MA0018.2,CREB1,3,1,3
Myo7a,Background,MA0018.1,CREB1,30,6,5
Myo7a,Background,MA0018.2,CREB1,46,6,7.66666666666667
Dnajb13,Background,MA0018.1,CREB1,4,2,2
Dnajb13,Background,MA0018.2,CREB1,14,2,7
Lrrc51,Background,MA0018.1,CREB1,11,2,5.5
Lrrc51,Background,MA0018.2,CREB1,18,2,9
Nup98,IEGs,MA0018.1,CREB1,15,4,3.75
Nup98,IEGs,MA0018.2,CREB1,23,4,5.75
Apbb1,Background,MA0018.1,CREB1,14,5,2.8
Apbb1,Background,MA0018.2,CREB1,26,5,5.2
Trim66,Background,MA0018.1,CREB1,3,1,3
Trim66,Background,MA0018.2,CREB1,5,1,5
Denn2b,Background,MA0018.1,CREB1,11,4,2.75
Denn2b,Background,MA0018.2,CREB1,22,4,5.5
Dennd5a,Background,MA0018.1,CREB1,9,2,4.5
Dennd5a,Background,MA0018.2,CREB1,11,2,5.5
Ipo7,Background,MA0018.1,CREB1,6,2,3
Ipo7,Background,MA0018.2,CREB1,14,2,7
Wee1,IEGs,MA0018.1,CREB1,6,1,6
Wee1,IEGs,MA0018.2,CREB1,4,1,4
Eif4g2,Background,MA0018.1,CREB1,16,7,2.28571428571429
Eif4g2,Background,MA0018.2,CREB1,35,7,5
1700012D14Rik,Background,MA0018.1,CREB1,5,1,5
1700012D14Rik,Background,MA0018.2,CREB1,7,1,7
Rassf10,Background,MA0018.1,CREB1,1,1,1
Rassf10,Background,MA0018.2,CREB1,8,1,8
Spon1,Background,MA0018.1,CREB1,3,2,1.5
Spon1,Background,MA0018.2,CREB1,11,2,5.5
Iqck,Background,MA0018.1,CREB1,13,2,6.5
Iqck,Background,MA0018.2,CREB1,9,2,4.5
Tmem159,Background,MA0018.1,CREB1,3,1,3
Tmem159,Background,MA0018.2,CREB1,3,1,3
Gm14388,Background,MA0018.1,CREB1,2,1,2
Gm14388,Background,MA0018.2,CREB1,6,1,6
Lcmt1,Background,MA0018.1,CREB1,14,4,3.5
Lcmt1,Background,MA0018.2,CREB1,24,4,6
Nsmce1,Background,MA0018.1,CREB1,2,1,2
Nsmce1,Background,MA0018.2,CREB1,7,1,7
Il21r,Background,MA0018.1,CREB1,4,1,4
Il21r,Background,MA0018.2,CREB1,10,1,10
Rabep2,Background,MA0018.1,CREB1,4,1,4
Rabep2,Background,MA0018.2,CREB1,5,1,5
Coro1a,Background,MA0018.1,CREB1,18,5,3.6
Coro1a,Background,MA0018.2,CREB1,23,5,4.6
Mvp,Background,MA0018.1,CREB1,9,2,4.5
Mvp,Background,MA0018.2,CREB1,18,2,9
Bcl7c,Background,MA0018.1,CREB1,6,1,6
Bcl7c,Background,MA0018.2,CREB1,7,1,7
Cox6a2,Background,MA0018.1,CREB1,3,1,3
Cox6a2,Background,MA0018.2,CREB1,4,1,4
Edrf1,Background,MA0018.1,CREB1,4,1,4
Edrf1,Background,MA0018.2,CREB1,5,1,5
Ptpre,Background,MA0018.1,CREB1,11,3,3.66666666666667
Ptpre,Background,MA0018.2,CREB1,14,3,4.66666666666667
Cfap46,Background,MA0018.1,CREB1,7,1,7
Cfap46,Background,MA0018.2,CREB1,8,1,8
Adam8,Background,MA0018.1,CREB1,8,4,2
Adam8,Background,MA0018.2,CREB1,27,4,6.75
Zfp511,Background,MA0018.1,CREB1,7,1,7
Zfp511,Background,MA0018.2,CREB1,6,1,6
Bet1l,Background,MA0018.1,CREB1,6,1,6
Bet1l,Background,MA0018.2,CREB1,7,1,7
Ifitm3,Background,MA0018.1,CREB1,2,1,2
Ifitm3,Background,MA0018.2,CREB1,4,1,4
Tollip,Background,MA0018.1,CREB1,7,2,3.5
Tollip,Background,MA0018.2,CREB1,12,2,6
Ppfia1,Background,MA0018.1,CREB1,9,1,9
Ppfia1,Background,MA0018.2,CREB1,13,1,13
Prr36,Background,MA0018.1,CREB1,1,1,1
Prr36,Background,MA0018.2,CREB1,4,1,4
Map2k7,Background,MA0018.1,CREB1,6,3,2
Map2k7,Background,MA0018.2,CREB1,16,3,5.33333333333333
Ccl25,Background,MA0018.1,CREB1,10,2,5
Ccl25,Background,MA0018.2,CREB1,20,2,10
Col4a1,Background,MA0018.1,CREB1,12,2,6
Col4a1,Background,MA0018.2,CREB1,12,2,6
Cdc16,Background,MA0018.1,CREB1,3,2,1.5
Cdc16,Background,MA0018.2,CREB1,6,2,3
Gm21092,Background,MA0018.1,CREB1,1,1,1
Gm21092,Background,MA0018.2,CREB1,9,1,9
Atp7b,Background,MA0018.1,CREB1,2,1,2
Atp7b,Background,MA0018.2,CREB1,7,1,7
Nek5,Background,MA0018.1,CREB1,1,1,1
Nek5,Background,MA0018.2,CREB1,4,1,4
Plat,IEGs,MA0018.1,CREB1,7,1,7
Plat,IEGs,MA0018.2,CREB1,6,1,6
Fgfr1,Background,MA0018.1,CREB1,5,2,2.5
Fgfr1,Background,MA0018.2,CREB1,10,2,5
Ddhd2,Background,MA0018.1,CREB1,4,1,4
Ddhd2,Background,MA0018.2,CREB1,8,1,8
Gm17484,Background,MA0018.1,CREB1,4,1,4
Gm17484,Background,MA0018.2,CREB1,7,1,7
Gm19410,Background,MA0018.1,CREB1,3,1,3
Gm19410,Background,MA0018.2,CREB1,5,1,5
Micu3,Background,MA0018.2,CREB1,6,1,6
Wwc2,Background,MA0018.1,CREB1,4,1,4
Wwc2,Background,MA0018.2,CREB1,6,1,6
Gm45321,Background,MA0018.1,CREB1,3,1,3
Gm45321,Background,MA0018.2,CREB1,7,1,7
Scrg1,Background,MA0018.1,CREB1,4,1,4
Scrg1,Background,MA0018.2,CREB1,6,1,6
Galntl6,Background,MA0018.1,CREB1,8,3,2.66666666666667
Galntl6,Background,MA0018.2,CREB1,17,3,5.66666666666667
Nek1,Background,MA0018.1,CREB1,7,1,7
Nek1,Background,MA0018.2,CREB1,4,1,4
Tmem192,Background,MA0018.1,CREB1,3,1,3
Tmem192,Background,MA0018.2,CREB1,4,1,4
Slc25a42,Background,MA0018.1,CREB1,10,2,5
Slc25a42,Background,MA0018.2,CREB1,12,2,6
Ssbp4,Background,MA0018.1,CREB1,14,3,4.66666666666667
Ssbp4,Background,MA0018.2,CREB1,22,3,7.33333333333333
Gdf15,IEGs,MA0018.1,CREB1,8,2,4
Gdf15,IEGs,MA0018.2,CREB1,11,2,5.5
Jund,IEGs,MA0018.1,CREB1,15,2,7.5
Jund,IEGs,MA0018.2,CREB1,17,2,8.5
Rab3a,Background,MA0018.1,CREB1,15,4,3.75
Rab3a,Background,MA0018.2,CREB1,28,4,7
Arrdc2,Background,MA0018.1,CREB1,3,1,3
Arrdc2,Background,MA0018.2,CREB1,4,1,4
Babam1,Background,MA0018.1,CREB1,6,2,3
Babam1,Background,MA0018.2,CREB1,13,2,6.5
Klf2,IEGs,MA0018.1,CREB1,5,1,5
Klf2,IEGs,MA0018.2,CREB1,8,1,8
Mcm5,Background,MA0018.1,CREB1,9,2,4.5
Mcm5,Background,MA0018.2,CREB1,14,2,7
Gm4890,Background,MA0018.1,CREB1,4,1,4
Gm4890,Background,MA0018.2,CREB1,4,1,4
Ier2,IEGs,MA0018.1,CREB1,7,1,7
Ier2,IEGs,MA0018.2,CREB1,5,1,5
Trmt1,Background,MA0018.1,CREB1,8,3,2.66666666666667
Trmt1,Background,MA0018.2,CREB1,11,3,3.66666666666667
Syce2,Background,MA0018.1,CREB1,7,2,3.5
Syce2,Background,MA0018.2,CREB1,14,2,7
Junb,IEGs,MA0018.1,CREB1,14,2,7
Junb,IEGs,MA0018.2,CREB1,7,2,3.5
Dhps,Background,MA0018.1,CREB1,2,1,2
Dhps,Background,MA0018.2,CREB1,5,1,5
Man2b1,Background,MA0018.1,CREB1,26,7,3.71428571428571
Man2b1,Background,MA0018.2,CREB1,45,7,6.42857142857143
Vps35,Background,MA0018.2,CREB1,15,3,5
Vps35,Background,MA0018.1,CREB1,3,3,1
Orc6,Background,MA0018.1,CREB1,5,1,5
Orc6,Background,MA0018.2,CREB1,6,1,6
4921524J17Rik,Background,MA0018.1,CREB1,1,1,1
4921524J17Rik,Background,MA0018.2,CREB1,2,1,2
N4bp1,Background,MA0018.1,CREB1,8,2,4
N4bp1,Background,MA0018.2,CREB1,14,2,7
Gm2694,Background,MA0018.1,CREB1,5,1,5
Gm2694,Background,MA0018.2,CREB1,3,1,3
Tox3,Background,MA0018.1,CREB1,4,1,4
Tox3,Background,MA0018.2,CREB1,1,1,1
Cx3cl1,Background,MA0018.1,CREB1,1,1,1
Cx3cl1,Background,MA0018.2,CREB1,2,1,2
Ciapin1,Background,MA0018.1,CREB1,16,2,8
Ciapin1,Background,MA0018.2,CREB1,16,2,8
Adgrg1,Background,MA0018.1,CREB1,27,9,3
Adgrg1,Background,MA0018.2,CREB1,50,9,5.55555555555556
Cdh11,Background,MA0018.1,CREB1,4,2,2
Cdh11,Background,MA0018.2,CREB1,9,2,4.5
Cenpt,Background,MA0018.1,CREB1,1,1,1
Cenpt,Background,MA0018.2,CREB1,7,1,7
Sntb2,Background,MA0018.1,CREB1,4,1,4
Sntb2,Background,MA0018.2,CREB1,4,1,4
Nip7,Background,MA0018.1,CREB1,9,1,9
Nip7,Background,MA0018.2,CREB1,12,1,12
D030068K23Rik,Background,MA0018.1,CREB1,3,1,3
D030068K23Rik,Background,MA0018.2,CREB1,5,1,5
Phlpp2,Background,MA0018.1,CREB1,5,1,5
Phlpp2,Background,MA0018.2,CREB1,8,1,8
Hydin,Background,MA0018.1,CREB1,7,2,3.5
Hydin,Background,MA0018.2,CREB1,18,2,9
Znrf1,Background,MA0018.1,CREB1,9,3,3
Znrf1,Background,MA0018.2,CREB1,16,3,5.33333333333333
Chst5,Background,MA0018.1,CREB1,1,1,1
Chst5,Background,MA0018.2,CREB1,2,1,2
Dynlrb2,Background,MA0018.1,CREB1,1,1,1
Dynlrb2,Background,MA0018.2,CREB1,2,1,2
Cdyl2,Background,MA0018.1,CREB1,8,2,4
Cdyl2,Background,MA0018.2,CREB1,9,2,4.5
Gcsh,Background,MA0018.1,CREB1,5,1,5
Gcsh,Background,MA0018.2,CREB1,5,1,5
Zc3h18,Background,MA0018.1,CREB1,5,1,5
Zc3h18,Background,MA0018.2,CREB1,9,1,9
Def8,Background,MA0018.1,CREB1,8,2,4
Def8,Background,MA0018.2,CREB1,11,2,5.5
2310022B05Rik,Background,MA0018.1,CREB1,11,3,3.66666666666667
2310022B05Rik,Background,MA0018.2,CREB1,18,3,6
Fam89a,Background,MA0018.1,CREB1,4,1,4
Fam89a,Background,MA0018.2,CREB1,10,1,10
2810004N23Rik,Background,MA0018.1,CREB1,5,1,5
2810004N23Rik,Background,MA0018.2,CREB1,3,1,3
Coa6,Background,MA0018.1,CREB1,5,1,5
Coa6,Background,MA0018.2,CREB1,5,1,5
Birc3,Background,MA0018.1,CREB1,6,1,6
Birc3,Background,MA0018.2,CREB1,9,1,9
Cep295,Background,MA0018.1,CREB1,3,1,3
Cep295,Background,MA0018.2,CREB1,8,1,8
Zfp560,Background,MA0018.1,CREB1,6,1,6
Zfp560,Background,MA0018.2,CREB1,12,1,12
Pin1,Background,MA0018.1,CREB1,3,1,3
Pin1,Background,MA0018.2,CREB1,4,1,4
Ppan,Background,MA0018.1,CREB1,4,1,4
Ppan,Background,MA0018.2,CREB1,7,1,7
Icam1,IEGs,MA0018.1,CREB1,7,2,3.5
Icam1,IEGs,MA0018.2,CREB1,18,2,9
Ilf3,Background,MA0018.1,CREB1,12,1,12
Ilf3,Background,MA0018.2,CREB1,16,1,16
Ldlr,IEGs,MA0018.1,CREB1,8,2,4
Ldlr,IEGs,MA0018.2,CREB1,15,2,7.5
Dock6,Background,MA0018.1,CREB1,16,3,5.33333333333333
Dock6,Background,MA0018.2,CREB1,23,3,7.66666666666667
Herpud2,Background,MA0018.1,CREB1,4,1,4
Herpud2,Background,MA0018.2,CREB1,5,1,5
Chek1,Background,MA0018.1,CREB1,5,1,5
Chek1,Background,MA0018.2,CREB1,7,1,7
Slc37a2,Background,MA0018.1,CREB1,4,1,4
Slc37a2,Background,MA0018.2,CREB1,3,1,3
Siae,Background,MA0018.2,CREB1,13,3,4.33333333333333
Siae,Background,MA0018.1,CREB1,8,3,2.66666666666667
Arhgef12,Background,MA0018.1,CREB1,7,3,2.33333333333333
Arhgef12,Background,MA0018.2,CREB1,16,3,5.33333333333333
Ube4a,Background,MA0018.2,CREB1,7,1,7
Sik3,Background,MA0018.1,CREB1,16,2,8
Sik3,Background,MA0018.2,CREB1,13,2,6.5
Dnaja4,Background,MA0018.1,CREB1,6,1,6
Dnaja4,Background,MA0018.2,CREB1,12,1,12
Ireb2,Background,MA0018.1,CREB1,1,1,1
Ireb2,Background,MA0018.2,CREB1,11,1,11
1700017B05Rik,Background,MA0018.1,CREB1,8,2,4
1700017B05Rik,Background,MA0018.2,CREB1,11,2,5.5
Csk,Background,MA0018.1,CREB1,19,4,4.75
Csk,Background,MA0018.2,CREB1,31,4,7.75
Edc3,Background,MA0018.1,CREB1,4,1,4
Edc3,Background,MA0018.2,CREB1,8,1,8
Neo1,Background,MA0018.1,CREB1,4,1,4
Neo1,Background,MA0018.2,CREB1,6,1,6
Arih1,IEGs,MA0018.2,CREB1,16,2,8
Arih1,IEGs,MA0018.1,CREB1,14,2,7
Gm20275,Background,MA0018.1,CREB1,2,1,2
Gm20275,Background,MA0018.2,CREB1,10,1,10
Pias1,IEGs,MA0018.1,CREB1,7,2,3.5
Pias1,IEGs,MA0018.2,CREB1,15,2,7.5
Aagab,Background,MA0018.1,CREB1,3,1,3
Aagab,Background,MA0018.2,CREB1,5,1,5
Rpl4,Background,MA0018.1,CREB1,11,3,3.66666666666667
Rpl4,Background,MA0018.2,CREB1,14,3,4.66666666666667
Map2k1,Background,MA0018.1,CREB1,15,3,5
Map2k1,Background,MA0018.2,CREB1,30,3,10
Rab11a,Background,MA0018.1,CREB1,6,2,3
Rab11a,Background,MA0018.2,CREB1,10,2,5
Igdcc4,Background,MA0018.1,CREB1,5,2,2.5
Igdcc4,Background,MA0018.2,CREB1,18,2,9
Zfp609,Background,MA0018.1,CREB1,2,1,2
Zfp609,Background,MA0018.2,CREB1,1,1,1
Herc1,Background,MA0018.1,CREB1,6,4,1.5
Herc1,Background,MA0018.2,CREB1,30,4,7.5
Polr2m,Background,MA0018.1,CREB1,7,2,3.5
Polr2m,Background,MA0018.2,CREB1,9,2,4.5
Ccpg1,Background,MA0018.1,CREB1,7,3,2.33333333333333
Ccpg1,Background,MA0018.2,CREB1,17,3,5.66666666666667
Myo5a,Background,MA0018.1,CREB1,15,6,2.5
Myo5a,Background,MA0018.2,CREB1,35,6,5.83333333333333
Tmod2,Background,MA0018.1,CREB1,16,6,2.66666666666667
Tmod2,Background,MA0018.2,CREB1,26,6,4.33333333333333
Lysmd2,Background,MA0018.1,CREB1,3,1,3
Lysmd2,Background,MA0018.2,CREB1,4,1,4
Scg3,Background,MA0018.1,CREB1,3,1,3
Scg3,Background,MA0018.2,CREB1,7,1,7
Hcrtr2,Background,MA0018.1,CREB1,5,1,5
Hcrtr2,Background,MA0018.2,CREB1,6,1,6
Gsta4,Background,MA0018.1,CREB1,4,1,4
Gsta4,Background,MA0018.2,CREB1,3,1,3
Col12a1,Background,MA0018.1,CREB1,5,1,5
Col12a1,Background,MA0018.2,CREB1,7,1,7
Filip1,Background,MA0018.1,CREB1,10,4,2.5
Filip1,Background,MA0018.2,CREB1,24,4,6
Tpbg,Background,MA0018.1,CREB1,10,2,5
Tpbg,Background,MA0018.2,CREB1,15,2,7.5
Dop1a,Background,MA0018.1,CREB1,10,1,10
Dop1a,Background,MA0018.2,CREB1,7,1,7
Morf4l1,Background,MA0018.1,CREB1,12,1,12
Morf4l1,Background,MA0018.2,CREB1,13,1,13
Atp1b3,Background,MA0018.1,CREB1,16,3,5.33333333333333
Atp1b3,Background,MA0018.2,CREB1,25,3,8.33333333333333
Foxl2,Background,MA0018.1,CREB1,4,1,4
Foxl2,Background,MA0018.2,CREB1,10,1,10
Esyt3,Background,MA0018.1,CREB1,10,2,5
Esyt3,Background,MA0018.2,CREB1,16,2,8
Pccb,Background,MA0018.1,CREB1,6,1,6
Pccb,Background,MA0018.2,CREB1,4,1,4
Msl2,Background,MA0018.1,CREB1,6,1,6
Msl2,Background,MA0018.2,CREB1,4,1,4
Srprb,Background,MA0018.1,CREB1,7,1,7
Srprb,Background,MA0018.2,CREB1,13,1,13
Cpne4,Background,MA0018.1,CREB1,10,3,3.33333333333333
Cpne4,Background,MA0018.2,CREB1,12,3,4
Naa80,Background,MA0018.1,CREB1,4,2,2
Naa80,Background,MA0018.2,CREB1,8,2,4
Amt,Background,MA0018.1,CREB1,8,1,8
Amt,Background,MA0018.2,CREB1,4,1,4
Ip6k2,Background,MA0018.1,CREB1,5,2,2.5
Ip6k2,Background,MA0018.2,CREB1,13,2,6.5
Ccrl2,IEGs,MA0018.1,CREB1,1,1,1
Ccrl2,IEGs,MA0018.2,CREB1,8,1,8
Csrnp1,IEGs,MA0018.1,CREB1,12,3,4
Csrnp1,IEGs,MA0018.2,CREB1,9,3,3
Entpd3,Background,MA0018.1,CREB1,2,1,2
Entpd3,Background,MA0018.2,CREB1,4,1,4
Nktr,Background,MA0018.1,CREB1,8,2,4
Nktr,Background,MA0018.2,CREB1,13,2,6.5
Ccr1,Background,MA0018.2,CREB1,3,1,3
Ccr2,Background,MA0018.1,CREB1,10,2,5
Ccr2,Background,MA0018.2,CREB1,17,2,8.5
